iso639_3;data_type;text_type;transcription_type;tokens;resource_setting;transcription_convention;path-pdf;path-ortho;path-transcription;link;last_accessed;availability;language_variety;language_name;100LC;script;notes_on_source;notes;;;;;;;;
aar;text file;word list;Broad;715;;IPA;;;;https://github.com/CUNY-CL/wikipron/tree/master/data/scrape;17.07.2021;0;;Afar;false;Latin;;;;;;;;;;
abk;text file;full text;unk;20;low;;;;;https://en.wikipedia.org/wiki/Abkhaz_language;15.07.2021;0;;Abkhazian;true;;;;;;;;;;;
abk;online;full text, word list;unk;300’000;high;scientific transliteration;;;;https://clarino.uib.no/abnc/page?page-id=palag-main-page;14.07.2021;0;;Abkhazian;true;;;;;;;;;;;
acw;text file;word list;Broad;1’090;;IPA;;;;https://github.com/CUNY-CL/wikipron/tree/master/data/scrape;17.07.2021;0;;Hijazi Arabic;false;Arabic;;;;;;;;;;
acw;text file;word list;Narrow;167;;IPA;;;;https://github.com/CUNY-CL/wikipron/tree/master/data/scrape;17.07.2021;0;;Hijazi Arabic;false;Arabic;;;;;;;;;;
ady;text file;word list;Narrow;5’123;;IPA;;;;https://github.com/CUNY-CL/wikipron/tree/master/data/scrape;17.07.2021;0;;"Adygei; Adyghe";false;Cyrillic;;;;;;;;;;
ady;text file;word list;Narrow;4’895;;IPA;;;;https://github.com/CUNY-CL/wikipron/tree/master/data/scrape;17.07.2021;0;;"Adygei; Adyghe";false;Cyrillic;;;;;;;;;;
aey;pdf;full text;unk;109;low;IPA;other_data/amele.pdf;other_data/aey-orthographic.txt;other_data/aey.txt;https://www.sil.org/resources/archives/42321;;0;;Amele;true;Latin;;;;;;;;;;
afb;text file;word list;Broad;528;;IPA;;;;https://github.com/CUNY-CL/wikipron/tree/master/data/scrape;17.07.2021;0;;Gulf Arabic;false;Arabic;;;;;;;;;;
afr;text file;word list;Broad;1’685;;IPA;;;;https://github.com/CUNY-CL/wikipron/tree/master/data/scrape;17.07.2021;0;;Afrikaans;false;Latin;;;;;;;;;;
afr;image;full text (the north wind and the sun);;;;IPA;the-principles-of-the-international-phonetic-association-1949.pdf;;;https://www.cambridge.org/core/journals/journal-of-the-international-phonetic-association/article/principles-of-the-international-phonetic-association-1949/ABD87488D9A321AFB8E5E67DF49EF6AF;09.07.2021;1;;Afrikaans;false;;;;;;;;;;;
afr;text file;word list;Broad;1’659;;IPA;;;;https://github.com/CUNY-CL/wikipron/tree/master/data/scrape;17.07.2021;0;;Afrikaans;false;Latin;;;;;;;;;;
afr;text file;full text (the north wind and the sun);Broad;;;IPA;;theNorthWindAndTheSun/afr-orthographic.txt;theNorthWindAndTheSun/afr-broad.txt;https://www.cambridge.org/core/journals/journal-of-the-international-phonetic-association/article/afrikaans/2A6D5AC1AE493D1CCE3C1EFF6E0FEE77#article;11.08.2021;1;;Afrikaans;false;;;;;;;;;;;
afr;text file;full text (the north wind and the sun);Narrow;;;IPA;;theNorthWindAndTheSun/afr-orthographic.txt;theNorthWindAndTheSun/afr-narrow.txt;https://www.cambridge.org/core/journals/journal-of-the-international-phonetic-association/article/afrikaans/2A6D5AC1AE493D1CCE3C1EFF6E0FEE77#article;11.08.2021;1;;Afrikaans;false;;;;;;;;;;;
afr;text file;word list;Narrow;121;;IPA;;;;https://github.com/CUNY-CL/wikipron/tree/master/data/scrape;17.07.2021;0;;Afrikaans;false;Latin;;;;;;;;;;
ajp;text file;word list;Broad;155;;IPA;;;;https://github.com/CUNY-CL/wikipron/tree/master/data/scrape;17.07.2021;0;;South Levantine Arabic;false;Arabic;;;;;;;;;;
akk;text file;word list;Broad;199;;IPA;;;;https://github.com/CUNY-CL/wikipron/tree/master/data/scrape;19.10.2021;0;;Akkadian;false;Latin;WikiPron Data, mined from Wiktionary;;;;;;;;;
amp;pdf;full text;unk;;;IPA;alamblak.pdf;;;;;;;Alamblak;true;;;;;;;;;;;
ale;text file;word list;Broad;104;;IPA;;;;https://github.com/CUNY-CL/wikipron/tree/master/data/scrape;17.07.2021;0;;Aleut;false;Latin;;;;;;;;;;
ang;text file;word list;Broad;8’854;;IPA;;;;https://github.com/CUNY-CL/wikipron/tree/master/data/scrape;17.07.2021;0;;Old English (ca. 450-1100);false;Latin;;;;;;;;;;
ang;text file;word list;Narrow;4’341;;IPA;;;;https://github.com/CUNY-CL/wikipron/tree/master/data/scrape;17.07.2021;0;;Old English (ca. 450-1100);false;Latin;;;;;;;;;;
aot;text file;word list;Broad;140;;IPA;;;;https://github.com/CUNY-CL/wikipron/tree/master/data/scrape;17.07.2021;0;;Atong (India);false;Latin;;;;;;;;;;
ape;;;;;;;;;;;;;;Bukiyip;true;;;;;;;;;;;
apu;;;;;;;;;;;;;;Apurinã;true;;;;;;;;;;;
apw;text file;word list;Narrow;158;;IPA;;;;https://github.com/CUNY-CL/wikipron/tree/master/data/scrape;17.07.2021;0;;Western Apache;false;Latin;;;;;;;;;;
ara;text file;word list;Broad;7’279;;IPA;;;;https://github.com/CUNY-CL/wikipron/tree/master/data/scrape;44394;0;;Arabic;false;Arabic;;;;;;;;;;
arc;text file;word list;Broad;1’156;;IPA;;;;https://github.com/CUNY-CL/wikipron/tree/master/data/scrape;17.07.2021;0;;"Imperial Aramaic (700-300 BCE); Official Aramaic (700-300 BCE)";false;Hebrew;;;;;;;;;;
ary;text file;word list;Broad;1’309;;IPA;;;;https://github.com/CUNY-CL/wikipron/tree/master/data/scrape;17.07.2021;0;;Moroccan Arabic;false;Arabic;;;;;;;;;;
arn;pdf;full text (the north wind and the sun);broad;79;low;IPA;theNorthWindAndTheSun/mapudungun.pdf;theNorthWindAndTheSun/arn-orthographic.txt;theNorthWindAndTheSun/arn-broad.txt;https://www.cambridge.org/core/journals/journal-of-the-international-phonetic-association/article/mapudungun/344B2E4440607BD0B521E8DECF98BAFF;11.08.2021;1;;Mapudungun;true;;;;;;;;;;;
arn;pdf;full text (the north wind and the sun);narrow;79;low;IPA;theNorthWindAndTheSun/mapudungun.pdf;theNorthWindAndTheSun/arn-orthographic.txt;theNorthWindAndTheSun/arn-narrow.txt;https://www.cambridge.org/core/journals/journal-of-the-international-phonetic-association/article/mapudungun/344B2E4440607BD0B521E8DECF98BAFF;11.08.2021;1;;Mapudungun;true;;;;;;;;;;;
arz;text file;word list;Broad;113;low;IPA;;;;https://github.com/CUNY-CL/wikipron/tree/master/data/scrape;17.07.2021;0;;Egyptian Arabic;true;Arabic;WikiPron Data, mined from Wiktionary;;;;;;;;;
arz;pdf;full text (the north wind and the sun);unk;;;IPA;the-principles-of-the-international-phonetic-association-1949.pdf;;;https://www.cambridge.org/core/journals/journal-of-the-international-phonetic-association/article/principles-of-the-international-phonetic-association-1949/ABD87488D9A321AFB8E5E67DF49EF6AF;09.07.2021;1;spoken Cairene;Egyptian Arabic;true;;;;;;;;;;;
asm;text file;word list;Broad;2’350;;IPA;;;;https://github.com/CUNY-CL/wikipron/tree/master/data/scrape;17.07.2021;0;;Assamese;false;Bengali;;;;;;;;;;
ast;text file;word list;Narrow;133;;IPA;;;;https://github.com/CUNY-CL/wikipron/tree/master/data/scrape;17.07.2021;0;;Asturian;false;Latin;;;;;;;;;;
ayl;text file;word list;Broad;157;;IPA;;;;https://github.com/CUNY-CL/wikipron/tree/master/data/scrape;17.07.2021;0;;Libyan Arabic;false;Arabic;;;;;;;;;;
aze;text file;word list;Broad;259;;IPA;;;;https://github.com/CUNY-CL/wikipron/tree/master/data/scrape;44394;0;;Azerbaijani;false;Latin;;;;;;;;;;
ayz;;;;;;;;;;;;;;Maybrat-Karon;true;;;;;;;;;;;
aze;text file;word list;Narrow;2’821;;IPA;;;;https://github.com/CUNY-CL/wikipron/tree/master/data/scrape;44394;0;;Azerbaijani;false;Latin;;;;;;;;;;
aze;text file;word list;Narrow;2’635;;IPA;;;;https://github.com/CUNY-CL/wikipron/tree/master/data/scrape;44394;0;;Azerbaijani;false;Latin;;;;;;;;;;
bak;text file;word list;Broad;108;;IPA;;;;https://github.com/CUNY-CL/wikipron/tree/master/data/scrape;17.07.2021;0;;Bashkir;false;Cyrillic;;;;;;;;;;
bak;text file;word list;Narrow;2’049;;IPA;;;;https://github.com/CUNY-CL/wikipron/tree/master/data/scrape;17.07.2021;0;;Bashkir;false;Cyrillic;;;;;;;;;;
ban;text file;word list;Broad;186;;IPA;;;;https://github.com/CUNY-CL/wikipron/tree/master/data/scrape;17.07.2021;0;;Balinese;false;Balinese;;;;;;;;;;
bcl;text file;word list;Broad;100;;IPA;;;;https://github.com/CUNY-CL/wikipron/tree/master/data/scrape;17.07.2021;0;;Central Bikol;false;Latin;;;;;;;;;;
bdq;text file;word list;Broad;161;;IPA;;;;https://github.com/CUNY-CL/wikipron/tree/master/data/scrape;17.07.2021;0;;Bahnar;false;Latin;;;;;;;;;;
ben;image;full text (the north wind and the sun);;;;IPA;the-principles-of-the-international-phonetic-association-1949.pdf;;;https://www.cambridge.org/core/journals/journal-of-the-international-phonetic-association/article/principles-of-the-international-phonetic-association-1949/ABD87488D9A321AFB8E5E67DF49EF6AF;09.07.2021;1;Calcutta colloquial;Bengali;false;;;;;;;;;;;
bel;text file;word list;Narrow;3’203;;IPA;;;;https://github.com/CUNY-CL/wikipron/tree/master/data/scrape;17.07.2021;0;;Belarusian;false;Cyrillic;;;;;;;;;;
ben;text file;word list;Broad;792;;IPA;;;;https://github.com/CUNY-CL/wikipron/tree/master/data/scrape;17.07.2021;0;;Bengali;false;Bengali;;;;;;;;;;
ben;text file;word list;Narrow;168;;IPA;;;;https://github.com/CUNY-CL/wikipron/tree/master/data/scrape;17.07.2021;0;;Bengali;false;Bengali;;;;;;;;;;
bhq;;;;;;;;;;;;;;Tukang Besi South;true;;;;;;;;;;;
blt;text file;word list;Broad;143;;IPA;;;;https://github.com/CUNY-CL/wikipron/tree/master/data/scrape;19.10.2021;0;;Tai Dam;false;Tai Viet;WikiPron Data, mined from Wiktionary;;;;;;;;;
bmi;;;;;;;;;;;;;;Bagirmi;true;;;;;;;;;;;
bre;text file;word list;Broad;495;;IPA;;;;https://github.com/CUNY-CL/wikipron/tree/master/data/scrape;17.07.2021;0;;Breton;false;Latin;;;;;;;;;;
bsk;;;;;;;;;;;;;;Burushaski;true;;;;;;;;;;;
bsn;;;;;;;;;;;;;;Barasana-Eduria;true;;;;;;;;;;;
bul;text file;word list;Broad;31’881;;IPA;;;;https://github.com/CUNY-CL/wikipron/tree/master/data/scrape;17.07.2021;0;;Bulgarian;false;Cyrillic;;;;;;;;;;
bul;text file;word list;Broad;31’782;;IPA;;;;https://github.com/CUNY-CL/wikipron/tree/master/data/scrape;17.07.2021;0;;Bulgarian;false;Cyrillic;;;;;;;;;;
bul;text file;word list;Narrow;6’377;;IPA;;;;https://github.com/CUNY-CL/wikipron/tree/master/data/scrape;17.07.2021;0;;Bulgarian;false;Cyrillic;;;;;;;;;;
cat;text file;word list;Broad;55’829;;IPA;;;;https://github.com/CUNY-CL/wikipron/tree/master/data/scrape;17.07.2021;0;;"Catalan; Valencian";false;Latin;;;;;;;;;;
cbn;text file;word list;Broad;116;;IPA;;;;https://github.com/CUNY-CL/wikipron/tree/master/data/scrape;17.07.2021;0;;Nyahkur;false;Thai;;;;;;;;;;
ceb;text file;word list;Broad;326;;IPA;;;;https://github.com/CUNY-CL/wikipron/tree/master/data/scrape;17.07.2021;0;;Cebuano;false;Latin;;;;;;;;;;
ces;text file;word list;Broad;3’222;;IPA;;;;https://github.com/CUNY-CL/wikipron/tree/master/data/scrape;17.07.2021;0;;Czech;false;Latin;;;;;;;;;;
ces;text file;word list;Narrow;26’778;;IPA;;;;https://github.com/CUNY-CL/wikipron/tree/master/data/scrape;17.07.2021;0;;Czech;false;Latin;;;;;;;;;;
cha;;;;;;;;;;;;;;Chamorro;true;;;;;;;;;;;
chb;text file;word list;Broad;122;;IPA;;;;https://github.com/CUNY-CL/wikipron/tree/master/data/scrape;17.07.2021;0;;Chibcha;false;Latin;;;;;;;;;;
cho;text file;word list;Broad;112;;IPA;;;;https://github.com/CUNY-CL/wikipron/tree/master/data/scrape;17.07.2021;0;;Choctaw;false;Latin;;;;;;;;;;
ckt;;;;;;;;;;;;;;Chukchi;true;;;;;;;;;;;
cku;;;;;;;;;;;;;;Koasati;true;;;;;;;;;;;
cmn;pdf;full text (the north wind and the sun);unk;;;IPA;the-principles-of-the-international-phonetic-association-1949.pdf;;;https://www.cambridge.org/core/journals/journal-of-the-international-phonetic-association/article/principles-of-the-international-phonetic-association-1949/ABD87488D9A321AFB8E5E67DF49EF6AF;09.07.2021;1;Pekinese;Mandarin Chinese;true;;;;;;;;;;;
cmn;text file;word list;Broad;133’686;high;IPA;;;;https://github.com/CUNY-CL/wikipron/tree/master/data/scrape;17.07.2021;0;;Mandarin Chinese;true;Han;WikiPron Data, mined from Wiktionary;;;;;;;;;
cmn;pdf;full text (the north wind and the sun);unk;552;low;IPA;theNorthWindAndTheSun/standard-chinese-beijing.pdf;theNorthWindAndTheSun/cmn-orthographic.txt;theNorthWindAndTheSun/cmn.txt;https://www.cambridge.org/core/journals/journal-of-the-international-phonetic-association/article/principles-of-the-international-phonetic-association-1949/ABD87488D9A321AFB8E5E67DF49EF6AF;09.07.2021;1;Pekinese;Mandarin Chinese;true;;;;;;;;;;;
cnk;text file;word list;Broad;307;;IPA;;;;https://github.com/CUNY-CL/wikipron/tree/master/data/scrape;17.07.2021;0;;Khumi Chin;false;Latin;;;;;;;;;;
cop;text file;word list;Broad;418;;IPA;;;;https://github.com/CUNY-CL/wikipron/tree/master/data/scrape;17.07.2021;0;;Coptic;false;Coptic;;;;;;;;;;
cor;text file;word list;Broad;124;;IPA;;;;https://github.com/CUNY-CL/wikipron/tree/master/data/scrape;17.07.2021;0;;Cornish;false;Latin;;;;;;;;;;
cor;text file;word list;Narrow;680;;IPA;;;;https://github.com/CUNY-CL/wikipron/tree/master/data/scrape;17.07.2021;0;;Cornish;false;Latin;;;;;;;;;;
cos;text file;word list;Broad;188;;IPA;;;;https://github.com/CUNY-CL/wikipron/tree/master/data/scrape;17.07.2021;0;;Corsican;false;Latin;;;;;;;;;;
crk;text file;word list;Broad;152;low;IPA;;;;https://github.com/CUNY-CL/wikipron/tree/master/data/scrape;17.07.2021;0;;Plains Cree;true;Canadian Aboriginal;WikiPron Data, mined from Wiktionary;;;;;;;;;
crk;text file;word list;Broad;193;low;IPA;;;;https://github.com/CUNY-CL/wikipron/tree/master/data/scrape;17.07.2021;0;;Plains Cree;true;Latin;WikiPron Data, mined from Wiktionary;;;;;;;;;
crx;text file;word list;Broad;175;;IPA;;;;https://github.com/CUNY-CL/wikipron/tree/master/data/scrape;17.07.2021;0;;Carrier;false;Canadian Aboriginal;;;;;;;;;;
cym;text file;word list;Broad;8’530;;IPA;;;;https://github.com/CUNY-CL/wikipron/tree/master/data/scrape;17.07.2021;0;North Wales;Welsh;false;Latin;;;;;;;;;;
cym;text file;word list;Broad;8’473;;IPA;;;;https://github.com/CUNY-CL/wikipron/tree/master/data/scrape;17.07.2021;0;North Wales;Welsh;false;Latin;;;;;;;;;;
cym;text file;word list;Narrow;561;;IPA;;;;https://github.com/CUNY-CL/wikipron/tree/master/data/scrape;17.07.2021;0;North Wales;Welsh;false;Latin;;;;;;;;;;
cym;text file;word list;Broad;9’999;;IPA;;;;https://github.com/CUNY-CL/wikipron/tree/master/data/scrape;17.07.2021;0;South Wales;Welsh;false;Latin;;;;;;;;;;
cym;text file;word list;Broad;9’925;;IPA;;;;https://github.com/CUNY-CL/wikipron/tree/master/data/scrape;17.07.2021;0;South Wales;Welsh;false;Latin;;;;;;;;;;
cym;text file;word list;Narrow;601;;IPA;;;;https://github.com/CUNY-CL/wikipron/tree/master/data/scrape;17.07.2021;0;South Wales;Welsh;false;Latin;;;;;;;;;;
dan;text file;word list;Broad;4’250;;IPA;;;;https://github.com/CUNY-CL/wikipron/tree/master/data/scrape;17.07.2021;0;;Danish;false;Latin;;;;;;;;;;
dan;text file;word list;Narrow;7’972;;IPA;;;;https://github.com/CUNY-CL/wikipron/tree/master/data/scrape;17.07.2021;0;;Danish;false;Latin;;;;;;;;;;
deu;text file;word list;Broad;35’486;high;IPA;;;;https://github.com/CUNY-CL/wikipron/tree/master/data/scrape;17.07.2021;0;;German;true;Latin;WikiPron Data, mined from Wiktionary;;;;;;;;;
deu;text file;word list;Broad;34’145;high;IPA;;;;https://github.com/CUNY-CL/wikipron/tree/master/data/scrape;17.07.2021;0;;German;true;Latin;WikiPron Data, mined from Wiktionary;;;;;;;;;
deu;text file;word list;Narrow;10’984;high;IPA;;;;https://github.com/CUNY-CL/wikipron/tree/master/data/scrape;17.07.2021;0;;German;true;Latin;WikiPron Data, mined from Wiktionary;;;;;;;;;
div;text file;word list;Broad;130;;IPA;;;;https://github.com/CUNY-CL/wikipron/tree/master/data/scrape;19.10.2021;0;;Dhivehi;false;Maldivian Dhivehi Thaana;WikiPron Data, mined from Wiktionary;;;;;;;;;
deu;pdf;full text (the north wind and the sun);broad;;;IPA;the-principles-of-the-international-phonetic-association-1949.pdf;;;https://www.cambridge.org/core/journals/journal-of-the-international-phonetic-association/article/principles-of-the-international-phonetic-association-1949/ABD87488D9A321AFB8E5E67DF49EF6AF;09.07.2021;1;North German;German;true;;;;;;;;;;;
deu;pdf;full text (the north wind and the sun);narrow, sentence stress marked;;;IPA;the-principles-of-the-international-phonetic-association-1949.pdf;;;https://www.cambridge.org/core/journals/journal-of-the-international-phonetic-association/article/principles-of-the-international-phonetic-association-1949/ABD87488D9A321AFB8E5E67DF49EF6AF;09.07.2021;1;North German;German;true;;;;;;;;;;;
deu;text file;full text (the north wind and the sun);broad;108;low;IPA;;theNorthWindAndTheSun/deu-orthographic.txt;theNorthWindAndTheSun/deu-broad.txt;https://de.wikipedia.org/wiki/Die_Sonne_und_der_Wind;09.07.2021;1;North German;German;true;;;;;;;;;;;
deu;text file;full text (the north wind and the sun);narrow;108;low;IPA;;theNorthWindAndTheSun/deu-orthographic.txt;theNorthWindAndTheSun/deu-narrow.txt;https://de.wikipedia.org/wiki/Die_Sonne_und_der_Wind;09.07.2021;1;North German;German;true;;;;;;;;;;;
dlm;text file;word list;Broad;176;;IPA;;;;https://github.com/CUNY-CL/wikipron/tree/master/data/scrape;17.07.2021;0;;Dalmatian;false;Latin;;;;;;;;;;
dng;text file;word list;Broad;160;;IPA;;;;https://github.com/CUNY-CL/wikipron/tree/master/data/scrape;17.07.2021;0;;Dungan;false;Cyrillic;;;;;;;;;;
dsb;text file;word list;Broad;1’986;;IPA;;;;https://github.com/CUNY-CL/wikipron/tree/master/data/scrape;17.07.2021;0;;Lower Sorbian;false;Latin;;;;;;;;;;
dgz;;;;;;;;;;;;;;Daga;true;;;;;;;;;;;
dsb;text file;word list;Narrow;1’393;;IPA;;;;https://github.com/CUNY-CL/wikipron/tree/master/data/scrape;17.07.2021;0;;Lower Sorbian;false;Latin;;;;;;;;;;
dum;text file;word list;Broad;210;;IPA;;;;https://github.com/CUNY-CL/wikipron/tree/master/data/scrape;17.07.2021;0;;Middle Dutch (ca. 1050-1350);false;Latin;;;;;;;;;;
dni;;;;;;;;;;;;;;Lower Grand Valley Dani;true;;;;;;;;;;;
ekk;image;full text (the north wind and the sun);;;;IPA;the-principles-of-the-international-phonetic-association-1949.pdf;;;https://www.cambridge.org/core/journals/journal-of-the-international-phonetic-association/article/principles-of-the-international-phonetic-association-1949/ABD87488D9A321AFB8E5E67DF49EF6AF;09.07.2021;1;;Estonian;false;;;;;;;;;;;
dzo;text file;word list;Broad;188;;IPA;;;;https://github.com/CUNY-CL/wikipron/tree/master/data/scrape;17.07.2021;0;;Dzongkha;false;Tibetan;;;;;;;;;;
egy;text file;word list;Broad;3’403;;IPA;;;;https://github.com/CUNY-CL/wikipron/tree/master/data/scrape;17.07.2021;0;;Egyptian (Ancient);false;Latin;;;;;;;;;;
ekk;text file;word list;Broad;429;;IPA;;;;https://github.com/CUNY-CL/wikipron/tree/master/data/scrape;17.07.2021;0;;Estonian;false;Latin;;;;;;;;;;
ell;text file;word list;Broad;10’626;high;IPA;;;;https://github.com/CUNY-CL/wikipron/tree/master/data/scrape;17.07.2021;0;;Modern Greek;true;Greek;WikiPron Data, mined from Wiktionary;;;;;;;;;
ell;text file;word list;Broad;10’547;high;IPA;;;;https://github.com/CUNY-CL/wikipron/tree/master/data/scrape;17.07.2021;0;;Modern Greek;true;Greek;WikiPron Data, mined from Wiktionary;;;;;;;;;
ell;pdf;full text (the north wind and the sun);narrow;;;IPA;the-principles-of-the-international-phonetic-association-1949.pdf;;;https://www.cambridge.org/core/journals/journal-of-the-international-phonetic-association/article/principles-of-the-international-phonetic-association-1949/ABD87488D9A321AFB8E5E67DF49EF6AF;09.07.2021;1;Athenian;Modern Greek;true;Greek;;;;;;;;;;
ell;pdf;full text (the north wind and the sun);unk;114;low;IPA;theNorthWindAndTheSun/standard-modern-greek.pdf;theNorthWindAndTheSun/ell-orthographic.txt;theNorthWindAndTheSun/ell.txt;https://www.cambridge.org/core/journals/journal-of-the-international-phonetic-association/article/standard-modern-greek/7CF5A4CA5CD0BFD73C9CA6329C313125;12.08.2021;1;;Modern Greek;true;Greek;the transcription was provided by Simon Greenhill, https://github.com/SimonGreenhill/jipa;vairants of the small letter sigma (?) wer replaced by the more commonly used ?;;;;;;;;
ell;text file;word list;Narrow;408;low;IPA;;;;https://github.com/CUNY-CL/wikipron/tree/master/data/scrape;17.07.2021;0;;Modern Greek;true;Greek;WikiPron Data, mined from Wiktionary;;;;;;;;;
ell;text file;word list;unk;217’664;high;IPA;;;word-list/gre_grek_ilsp.tsv;http://speech.ilsp.gr/iplr/downloads.htm;31.08.2021;0;;Greek;true;Greek;;;;;;;;;;
eng;text file;word list;unk;41’000;high;IPA;;;;https://github.com/sigmorphon/2021-task1/tree/main/data/high;13.07.2021;0;American;English;true;;WikiPron Data, mined from Wiktionary;;;;;;;;;
eng;text file;word list;Broad;61’173;high;IPA;;;;https://github.com/CUNY-CL/wikipron/tree/master/data/scrape;17.07.2021;0;UK, Received Pronunciation;English;true;Latin;WikiPron Data, mined from Wiktionary;;;;;;;;;
eng;text file;word list;Broad;60’422;high;IPA;;;;https://github.com/CUNY-CL/wikipron/tree/master/data/scrape;17.07.2021;0;UK, Received Pronunciation;English;true;Latin;WikiPron Data, mined from Wiktionary;;;;;;;;;
eng;pdf;full text (the north wind and the sun);broad;;;IPA;the-principles-of-the-international-phonetic-association-1949.pdf;;;https://www.cambridge.org/core/journals/journal-of-the-international-phonetic-association/article/principles-of-the-international-phonetic-association-1949/ABD87488D9A321AFB8E5E67DF49EF6AF;09.07.2021;1;Southern British;English;true;Latin;;;;;;;;;;
eng;pdf;full text (the north wind and the sun);narrow, sentence stress marked;;;IPA;the-principles-of-the-international-phonetic-association-1949.pdf;;;https://www.cambridge.org/core/journals/journal-of-the-international-phonetic-association/article/principles-of-the-international-phonetic-association-1949/ABD87488D9A321AFB8E5E67DF49EF6AF;09.07.2021;1;Southern British;English;true;Latin;;;;;;;;;;
eng;pdf;full text (the north wind and the sun);narrow, no sentence stress;;;IPA;the-principles-of-the-international-phonetic-association-1949.pdf;;;https://www.cambridge.org/core/journals/journal-of-the-international-phonetic-association/article/principles-of-the-international-phonetic-association-1949/ABD87488D9A321AFB8E5E67DF49EF6AF;09.07.2021;1;Southern British;English;true;Latin;;;;;;;;;;
eng;pdf;full text (the north wind and the sun);broad, sentences stress not markes;;;IPA;the-principles-of-the-international-phonetic-association-1949.pdf;;;https://www.cambridge.org/core/journals/journal-of-the-international-phonetic-association/article/principles-of-the-international-phonetic-association-1949/ABD87488D9A321AFB8E5E67DF49EF6AF;09.07.2021;1;Scottish;English;true;Latin;;;;;;;;;;
eng;pdf;full text (the north wind and the sun);broad, sentence stress marked;;;IPA;the-principles-of-the-international-phonetic-association-1949.pdf;;;https://www.cambridge.org/core/journals/journal-of-the-international-phonetic-association/article/principles-of-the-international-phonetic-association-1949/ABD87488D9A321AFB8E5E67DF49EF6AF;09.07.2021;1;American;English;true;Latin;;;;;;;;;;
eng;text file;word list;Narrow;1’284;high;IPA;;;;https://github.com/CUNY-CL/wikipron/tree/master/data/scrape;17.07.2021;0;UK, Received Pronunciation;English;true;Latin;WikiPron Data, mined from Wiktionary;;;;;;;;;
eng;text file;word list;Broad;58’072;high;IPA;;;;https://github.com/CUNY-CL/wikipron/tree/master/data/scrape;17.07.2021;0;US, General American;English;true;Latin;WikiPron Data, mined from Wiktionary;;;;;;;;;
eng;text file;word list;Broad;57’230;high;IPA;;;;https://github.com/CUNY-CL/wikipron/tree/master/data/scrape;17.07.2021;0;US, General American;English;true;Latin;WikiPron Data, mined from Wiktionary;;;;;;;;;
eng;text file;word list;Narrow;1’633;high;IPA;;;;https://github.com/CUNY-CL/wikipron/tree/master/data/scrape;17.07.2021;0;US, General American;English;true;Latin;WikiPron Data, mined from Wiktionary;;;;;;;;;
enm;text file;word list;Broad;6’855;;IPA;;;;https://github.com/CUNY-CL/wikipron/tree/master/data/scrape;17.07.2021;0;;Middle English (1100-1500);false;Latin;;;;;;;;;;
epo;text file;word list;Broad;14’990;;IPA;;;;https://github.com/CUNY-CL/wikipron/tree/master/data/scrape;17.07.2021;0;;Esperanto;false;Latin;;;;;;;;;;
ett;text file;word list;Broad;130;;IPA;;;;https://github.com/CUNY-CL/wikipron/tree/master/data/scrape;19.10.2021;0;;Etruscan;false;Old Italic;WikiPron Data, mined from Wiktionary;;;;;;;;;
eng;pdf;full text (the north wind and the sun);broad;;;IPA;theNorthWindAndTheSun/british-english-received-pronunciation.pdf;;;https://www.cambridge.org/core/journals/journal-of-the-international-phonetic-association/article/british-english-received-pronunciation/D4AFF0A7118E7081ACF7C7586FF87590;12.08.2021;1;RP;English;true;Latin;;;;;;;;;;
eng;pdf;full text (the north wind and the sun);narrow;;;IPA;theNorthWindAndTheSun/british-english-received-pronunciation.pdf;;;https://www.cambridge.org/core/journals/journal-of-the-international-phonetic-association/article/british-english-received-pronunciation/D4AFF0A7118E7081ACF7C7586FF87590;12.08.2021;1;RP;English;true;Latin;;;;;;;;;;
eng;text file;full text (the north wind and the sun);broad;113;low;IPA;;theNorthWindAndTheSun/eng-us-orthographic.txt;theNorthWindAndTheSun/eng-us-broad.txt;https://en.wikipedia.org/wiki/The_North_Wind_and_the_Sun;12.08.2021;1;American;English;true;Latin;;;;;;;;;;
eng;text file;full text (the north wind and the sun);narrow;113;low;IPA;;theNorthWindAndTheSun/eng-us-orthographic.txt;theNorthWindAndTheSun/eng-us-narrow.txt;https://en.wikipedia.org/wiki/The_North_Wind_and_the_Sun;12.08.2021;1;American;English;true;Latin;;;;;;;;;;
eus;text file;word list;Broad;1’742;high;IPA;;;;https://github.com/CUNY-CL/wikipron/tree/master/data/scrape;17.07.2021;0;;Basque;true;Latin;WikiPron Data, mined from Wiktionary;;;;;;;;;
ewe;text file;word list;Broad;120;;IPA;;;;https://github.com/CUNY-CL/wikipron/tree/master/data/scrape;17.07.2021;0;;Ewe;false;Latin;;;;;;;;;;
fao;text file;word list;Broad;1’740;;IPA;;;;https://github.com/CUNY-CL/wikipron/tree/master/data/scrape;17.07.2021;0;;Faroese;false;Latin;;;;;;;;;;
eus;text file;word list;Narrow;186;low;IPA;;;;https://github.com/CUNY-CL/wikipron/tree/master/data/scrape;17.07.2021;0;;Basque;true;Latin;WikiPron Data, mined from Wiktionary;;;;;;;;;
eus;pdf;full text (the north wind and the sun);broad;99;low;IPA;theNorthWindAndTheSun/goizueta-basque.pdf;theNorthWindAndTheSun/eus-goizueta-ortho.txt;theNorthWindAndTheSun/eus-goizueta-broad.txt;https://www.cambridge.org/core/journals/journal-of-the-international-phonetic-association/article/goizueta-basque/81AE8DA98209029661D671627C3245DB;11.08.2021;1;Goizueta;Basque;true;;the transcription was provided by Simon Greenhill, https://github.com/SimonGreenhill/jipa;;;;;;;;;
eus;pdf;full text (the north wind and the sun);narrow;99;low;IPA;theNorthWindAndTheSun/goizueta-basque.pdf;theNorthWindAndTheSun/eus-goizueta-ortho.txt;theNorthWindAndTheSun/eus-goizueta-narrow.txt;https://www.cambridge.org/core/journals/journal-of-the-international-phonetic-association/article/goizueta-basque/81AE8DA98209029661D671627C3245DB;11.08.2021;1;Goizueta;Basque;true;;the transcription was provided by Simon Greenhill, https://github.com/SimonGreenhill/jipa;;;;;;;;;
fao;text file;word list;Narrow;1’120;;IPA;;;;https://github.com/CUNY-CL/wikipron/tree/master/data/scrape;17.07.2021;0;;Faroese;false;Latin;;;;;;;;;;
fas;text file;word list;Broad;6’128;;IPA;;;;https://github.com/CUNY-CL/wikipron/tree/master/data/scrape;17.07.2021;0;;Persian;false;Arabic;;;;;;;;;;
fas;text file;word list;Narrow;1’922;;IPA;;;;https://github.com/CUNY-CL/wikipron/tree/master/data/scrape;17.07.2021;0;;Persian;false;Arabic;;;;;;;;;;
fij;;;;;;;;;;;;;;Fijian;true;;;;;;;;;;;
fin;text file;word list;Broad;69’015;high;IPA;;;;https://github.com/CUNY-CL/wikipron/tree/master/data/scrape;17.07.2021;0;;Finnish;true;Latin;WikiPron Data, mined from Wiktionary;;;;;;;;;
fin;text file;word list;Narrow;69’008;high;IPA;;;;https://github.com/CUNY-CL/wikipron/tree/master/data/scrape;17.07.2021;0;;Finnish;true;Latin;WikiPron Data, mined from Wiktionary;;;;;;;;;
fra;text file;word list;Broad;57’029;high;IPA;;;;https://github.com/CUNY-CL/wikipron/tree/master/data/scrape;17.07.2021;0;;French;true;Latin;WikiPron Data, mined from Wiktionary;;;;;;;;;
fra;text file;word list;Broad;56’911;high;IPA;;;;https://github.com/CUNY-CL/wikipron/tree/master/data/scrape;17.07.2021;0;;French;true;Latin;WikiPron Data, mined from Wiktionary;;;;;;;;;
fra;text file;word list;Narrow;194;low;IPA;;;;https://github.com/CUNY-CL/wikipron/tree/master/data/scrape;17.07.2021;0;;French;true;Latin;WikiPron Data, mined from Wiktionary;;;;;;;;;
fro;text file;word list;Broad;347;;IPA;;;;https://github.com/CUNY-CL/wikipron/tree/master/data/scrape;17.07.2021;0;;Old French (842-ca. 1400);false;Latin;;;;;;;;;;
frr;text file;word list;Broad;162;;IPA;;;;https://github.com/CUNY-CL/wikipron/tree/master/data/scrape;17.07.2021;0;;Northern Frisian;false;Latin;;;;;;;;;;
fra;pdf;full text (the north wind and the sun);broad;;;IPA;the-principles-of-the-international-phonetic-association-1949.pdf;theNorthWindAndTheSun/fra-orthographic.txt;theNorthWindAndTheSun/fra.txt;https://www.cambridge.org/core/journals/journal-of-the-international-phonetic-association/article/principles-of-the-international-phonetic-association-1949/ABD87488D9A321AFB8E5E67DF49EF6AF;09.07.2021;1;Parisian;French;true;;the transcription was provided by Simon Greenhill, https://github.com/SimonGreenhill/jipa;;;;;;;;;
fry;text file;word list;Broad;977;;IPA;;;;https://github.com/CUNY-CL/wikipron/tree/master/data/scrape;17.07.2021;0;;Western Frisian;false;Latin;;;;;;;;;;
gla;text file;word list;Broad;1’362;;IPA;;;;https://github.com/CUNY-CL/wikipron/tree/master/data/scrape;17.07.2021;0;;"Gaelic; Scottish Gaelic";false;Latin;;;;;;;;;;
gla;text file;word list;Narrow;107;;IPA;;;;https://github.com/CUNY-CL/wikipron/tree/master/data/scrape;17.07.2021;0;;"Gaelic; Scottish Gaelic";false;Latin;;;;;;;;;;
gle;text file;word list;Broad;7’328;;IPA;;;;https://github.com/CUNY-CL/wikipron/tree/master/data/scrape;17.07.2021;0;;Irish;false;Latin;;;;;;;;;;
gle;text file;word list;Narrow;1’575;;IPA;;;;https://github.com/CUNY-CL/wikipron/tree/master/data/scrape;17.07.2021;0;;Irish;false;Latin;;;;;;;;;;
glg;text file;word list;Broad;4’887;;IPA;;;;https://github.com/CUNY-CL/wikipron/tree/master/data/scrape;17.07.2021;0;;Galician;false;Latin;;;;;;;;;;
glg;text file;word list;Narrow;1’670;;IPA;;;;https://github.com/CUNY-CL/wikipron/tree/master/data/scrape;17.07.2021;0;;Galician;false;Latin;;;;;;;;;;
glv;text file;word list;Broad;202;;IPA;;;;https://github.com/CUNY-CL/wikipron/tree/master/data/scrape;17.07.2021;0;;Manx;false;Latin;;;;;;;;;;
glv;text file;word list;Narrow;125;;IPA;;;;https://github.com/CUNY-CL/wikipron/tree/master/data/scrape;17.07.2021;0;;Manx;false;Latin;;;;;;;;;;
gml;text file;word list;Broad;170;;IPA;;;;https://github.com/CUNY-CL/wikipron/tree/master/data/scrape;17.07.2021;0;;Middle Low German;false;Latin;;;;;;;;;;
goh;text file;word list;Broad;130;;IPA;;;;https://github.com/CUNY-CL/wikipron/tree/master/data/scrape;17.07.2021;0;;Old High German (ca. 750-1050);false;Latin;;;;;;;;;;
got;text file;word list;Broad;1’353;;IPA;;;;https://github.com/CUNY-CL/wikipron/tree/master/data/scrape;17.07.2021;0;;Gothic;false;Gothic;;;;;;;;;;
got;text file;word list;Narrow;275;;IPA;;;;https://github.com/CUNY-CL/wikipron/tree/master/data/scrape;17.07.2021;0;;Gothic;false;Gothic;;;;;;;;;;
grc;text file;word list;Broad;90’222;;IPA;;;;https://github.com/CUNY-CL/wikipron/tree/master/data/scrape;17.07.2021;0;;Ancient Greek (to 1453);false;Greek;;;;;;;;;;
gsw;text file;word list;Broad;307;;IPA;;;;https://github.com/CUNY-CL/wikipron/tree/master/data/scrape;17.07.2021;0;;Swiss German;false;Latin;;;;;;;;;;
guj;text file;word list;Broad;120;;IPA;;;;https://github.com/CUNY-CL/wikipron/tree/master/data/scrape;19.10.2021;0;;Gujarati;false;Gujarati ;WikiPron Data, mined from Wiktionary;;;;;;;;;
haw;text file;word list;Broad;493;;IPA;;;;https://github.com/CUNY-CL/wikipron/tree/master/data/scrape;17.07.2021;0;;Hawaiian;false;Latin;;;;;;;;;;
haw;text file;word list;Narrow;536;;IPA;;;;https://github.com/CUNY-CL/wikipron/tree/master/data/scrape;17.07.2021;0;;Hawaiian;false;Latin;;;;;;;;;;
hbs;text file;word list;Broad;22’735;;IPA;;;;https://github.com/CUNY-CL/wikipron/tree/master/data/scrape;17.07.2021;0;;Serbo-Croatian;false;Cyrillic;;;;;;;;;;
hbs;text file;word list;Broad;22’543;;IPA;;;;https://github.com/CUNY-CL/wikipron/tree/master/data/scrape;17.07.2021;0;;Serbo-Croatian;false;Cyrillic;;;;;;;;;;
hbs;text file;word list;Broad;23’827;;IPA;;;;https://github.com/CUNY-CL/wikipron/tree/master/data/scrape;17.07.2021;0;;Serbo-Croatian;false;Latin;;;;;;;;;;
gni;;;;;;;;;;;;;;Gooniyandi;true;;;;;;;;;;;
hbs;text file;word list;Broad;23’517;;IPA;;;;https://github.com/CUNY-CL/wikipron/tree/master/data/scrape;17.07.2021;0;;Serbo-Croatian;false;Latin;;;;;;;;;;
heb;text file;word list;Broad;1’439;;IPA;;;;https://github.com/CUNY-CL/wikipron/tree/master/data/scrape;17.07.2021;0;;Hebrew;false;Hebrew;;;;;;;;;;
heb;text file;word list;Narrow;146;;IPA;;;;https://github.com/CUNY-CL/wikipron/tree/master/data/scrape;17.07.2021;0;;Hebrew;false;Hebrew;;;;;;;;;;
gry;;;;;;;;;;;;;;Barclayville Grebo;true;;;;;;;;;;;
gug;;;;;;;;;;;;;;Paraguayan Guaraní;true;;;;;;;;;;;
gyd;;;;;;;;;;;;;;Kayardild;true;;;;;;;;;;;
hae;;;;;;;;;;;;;;Eastern Oromo;true;;;;;;;;;;;
hye;image;full text (the north wind and the sun);;;;IPA;;;;https://www.cambridge.org/core/journals/journal-of-the-international-phonetic-association/article/principles-of-the-international-phonetic-association-1949/ABD87488D9A321AFB8E5E67DF49EF6AF;09.07.2021;1;Eastern;Armenian;false;;;;;;;;;;;
hau;pdf;full text (the north wind and the sun);narrow;169;low;IPA;theNorthWindAndTheSun/hausa.pdf;theNorthWindAndTheSun/hau-orthographic.txt;theNorthWindAndTheSun/hau.txt;https://www.cambridge.org/core/journals/journal-of-the-international-phonetic-association/article/hausa/886E2E1FE32228FB98E4816C2CD2AEDE;11.08.2021;1;;Hausa;true;;;;;;;;;;;
heb;pdf;full text (the north wind and the sun);unk;90;low;IPA;theNorthWindAndTheSun/hebrew.pdf;theNorthWindAndTheSun/heb-orthographic.txt;theNorthWindAndTheSun/heb.txt;https://www.cambridge.org/core/journals/journal-of-the-international-phonetic-association/article/hebrew/D23594A30B44604EFD3E88172BE58EB1;11.08.2021;1;;Modern Hebrew;true;;;;;;;;;;;
hin;text file;word list;Broad;11’296;high;IPA;;;;https://github.com/CUNY-CL/wikipron/tree/master/data/scrape;17.07.2021;0;;Hindi;true;Devanagari;WikiPron Data, mined from Wiktionary;;;;;;;;;
hrx;text file;word list;Broad;1’545;;IPA;;;;https://github.com/CUNY-CL/wikipron/tree/master/data/scrape;17.07.2021;0;;Hunsrik;false;Latin;;;;;;;;;;
hts;text file;word list;Broad;278;;IPA;;;;https://github.com/CUNY-CL/wikipron/tree/master/data/scrape;17.07.2021;0;;Hadza;false;Latin;;;;;;;;;;
hun;text file;word list;Narrow;55’595;;IPA;;;;https://github.com/CUNY-CL/wikipron/tree/master/data/scrape;17.07.2021;0;;Hungarian;false;Latin;;;;;;;;;;
hin;text file;word list;Broad;10’812;high;IPA;;;;https://github.com/CUNY-CL/wikipron/tree/master/data/scrape;17.07.2021;0;;Hindi;true;Devanagari;WikiPron Data, mined from Wiktionary;;;;;;;;;
hun;text file;word list;Narrow;55’533;;IPA;;;;https://github.com/CUNY-CL/wikipron/tree/master/data/scrape;17.07.2021;0;;Hungarian;false;Latin;;;;;;;;;;
huu;text file;word list;Narrow;108;;IPA;;;;https://github.com/CUNY-CL/wikipron/tree/master/data/scrape;17.07.2021;0;;Murui Huitoto;false;Latin;;;;;;;;;;
hin;text file;word list;Narrow;9’563;high;IPA;;;;https://github.com/CUNY-CL/wikipron/tree/master/data/scrape;17.07.2021;0;;Hindi;true;Devanagari;WikiPron Data, mined from Wiktionary;;;;;;;;;
hin;pdf;full text (the north wind and the sun);narrow;129;low;IPA;theNorthWindAndTheSun/hindi.pdf;theNorthWindAndTheSun/hin-orthographic.txt;theNorthWindAndTheSun/hin.txt;https://www.jstor.org/stable/44526155?refreqid=excelsior%3Ac343985bc76795d4dc479519229c86c4&seq=4#metadata_info_tab_contents;11.08.2021;1;;Hindi;true;;the transcription was provided by Simon Greenhill, https://github.com/SimonGreenhill/jipa;;;;;;;;;
hye;text file;word list;Narrow;14’182;;IPA;;;;https://github.com/CUNY-CL/wikipron/tree/master/data/scrape;44394;0;Eastern Armenian, standard;Armenian;false;Armenian;;;;;;;;;;
hye;text file;word list;Narrow;14’177;;IPA;;;;https://github.com/CUNY-CL/wikipron/tree/master/data/scrape;44394;0;Eastern Armenian, standard;Armenian;false;Armenian;;;;;;;;;;
hye;text file;word list;Narrow;14’065;;IPA;;;;https://github.com/CUNY-CL/wikipron/tree/master/data/scrape;44394;0;Western Armenian, standard;Armenian;false;Armenian;;;;;;;;;;
hix;;;;;;;;;;;;;;Hixkaryána;true;;;;;;;;;;;
hye;text file;word list;Narrow;14’040;;IPA;;;;https://github.com/CUNY-CL/wikipron/tree/master/data/scrape;44394;0;Western Armenian, standard;Armenian;false;Armenian;;;;;;;;;;
ido;text file;word list;Broad;6’382;;IPA;;;;https://github.com/CUNY-CL/wikipron/tree/master/data/scrape;17.07.2021;0;;Ido;false;Latin;;;;;;;;;;
ilo;text file;word list;Broad;323;;IPA;;;;https://github.com/CUNY-CL/wikipron/tree/master/data/scrape;17.07.2021;0;;Iloko;false;Latin;;;;;;;;;;
ita;image;full text (the north wind and the sun);broad;;;IPA;the-principles-of-the-international-phonetic-association-1949.pdf;;;https://www.cambridge.org/core/journals/journal-of-the-international-phonetic-association/article/principles-of-the-international-phonetic-association-1949/ABD87488D9A321AFB8E5E67DF49EF6AF;09.07.2021;1;Roman;Italian;false;;;;;;;;;;;
ilo;text file;word list;Narrow;217;;IPA;;;;https://github.com/CUNY-CL/wikipron/tree/master/data/scrape;17.07.2021;0;;Iloko;false;Latin;;;;;;;;;;
ina;text file;word list;Broad;265;;IPA;;;;https://github.com/CUNY-CL/wikipron/tree/master/data/scrape;17.07.2021;0;;Interlingua (International Auxiliary Language Association);false;Latin;;;;;;;;;;
hnj;;;;;;;;;;;;;;Hmong Njua;true;;;;;;;;;;;
imn;;;;;;;;;;;;;;Imonda;true;;;;;;;;;;;
isl;text file;word list;Broad;9’578;;IPA;;;;https://github.com/CUNY-CL/wikipron/tree/master/data/scrape;17.07.2021;0;;Icelandic;false;Latin;;;;;;;;;;
isl;text file;word list;Broad;9’524;;IPA;;;;https://github.com/CUNY-CL/wikipron/tree/master/data/scrape;17.07.2021;0;;Icelandic;false;Latin;;;;;;;;;;
ind;text file;word list;Broad;1’555;high;IPA;;;;https://github.com/CUNY-CL/wikipron/tree/master/data/scrape;17.07.2021;0;;Indonesian;true;Latin;WikiPron Data, mined from Wiktionary;;;;;;;;;
isl;text file;word list;Narrow;424;;IPA;;;;https://github.com/CUNY-CL/wikipron/tree/master/data/scrape;17.07.2021;0;;Icelandic;false;Latin;;;;;;;;;;
ind;text file;word list;Narrow;2’637;high;IPA;;;;https://github.com/CUNY-CL/wikipron/tree/master/data/scrape;17.07.2021;0;;Indonesian;true;Latin;WikiPron Data, mined from Wiktionary;;;;;;;;;
ind;text file;full text (the north wind and the sun);unk;139;low;IPA;;theNorthWindAndTheSun/ind-orthographic.txt;theNorthWindAndTheSun/ind.txt;https://www.cambridge.org/core/journals/journal-of-the-international-phonetic-association/article/indonesian/AE405481B94A4E0B7234A8BBE9C6F5FD;11.08.2021;1;;Indonesian;true;;;;;;;;;;;
ita;text file;word list;Broad;15’014;;IPA;;;;https://github.com/CUNY-CL/wikipron/tree/master/data/scrape;17.07.2021;0;;Italian;false;Latin;;;;;;;;;;
ita;text file;word list;Broad;14’476;;IPA;;;;https://github.com/CUNY-CL/wikipron/tree/master/data/scrape;17.07.2021;0;;Italian;false;Latin;;;;;;;;;;
ita;text file;word list;Narrow;6’075;;IPA;;;;https://github.com/CUNY-CL/wikipron/tree/master/data/scrape;17.07.2021;0;;Italian;false;Latin;;;;;;;;;;
izh;text file;word list;Broad;737;;IPA;;;;https://github.com/CUNY-CL/wikipron/tree/master/data/scrape;17.07.2021;0;;Ingrian;false;Latin;;;;;;;;;;
jam;text file;word list;Broad;147;;IPA;;;;https://github.com/CUNY-CL/wikipron/tree/master/data/scrape;17.07.2021;0;;Jamaican Creole English;false;Latin;;;;;;;;;;
jje;text file;word list;Broad;1’006;;IPA;;;;https://github.com/CUNY-CL/wikipron/tree/master/data/scrape;17.07.2021;0;;Jejueo;false;Hangul;;;;;;;;;;
jac;;;;;;;;;;;;;;Popti';true;;;;;;;;;;;
jpn;text file;word list;Narrow;19’930;high;IPA;;;;https://github.com/CUNY-CL/wikipron/tree/master/data/scrape;17.07.2021;0;;Japanese;true;Hiragana;WikiPron Data, mined from Wiktionary;;;;;;;;;
jpn;text file;word list;Narrow;19’689;high;IPA;;;;https://github.com/CUNY-CL/wikipron/tree/master/data/scrape;17.07.2021;0;;Japanese;true;Hiragana;WikiPron Data, mined from Wiktionary;;;;;;;;;
jpn;text file;word list;Narrow;5’268;high;IPA;;;;https://github.com/CUNY-CL/wikipron/tree/master/data/scrape;17.07.2021;0;;Japanese;true;Katakana;WikiPron Data, mined from Wiktionary;;;;;;;;;
jpn;text file;word list;Narrow;4’765;high;IPA;;;;https://github.com/CUNY-CL/wikipron/tree/master/data/scrape;17.07.2021;0;;Japanese;true;Katakana;WikiPron Data, mined from Wiktionary;;;;;;;;;
jpn;pdf;full text (the north wind and the sun);unk;;;IPA;the-principles-of-the-international-phonetic-association-1949.pdf;theNorthWindAndTheSun/jpn-orthographic.txt;theNorthWindAndTheSun/jpn.txt;https://www.cambridge.org/core/journals/journal-of-the-international-phonetic-association/article/principles-of-the-international-phonetic-association-1949/ABD87488D9A321AFB8E5E67DF49EF6AF;09.07.2021;1;colloquial;Japanese;true;;the transcription was provided by Simon Greenhill, https://github.com/SimonGreenhill/jipa;;;;;;;;;
kal;text file;word list;Broad;173;low;IPA;;;;https://github.com/CUNY-CL/wikipron/tree/master/data/scrape;17.07.2021;0;;Kalaallisut;true;Latin;WikiPron Data, mined from Wiktionary;;;;;;;;;
kan;text file;word list;Broad;100;low;IPA;;;;https://github.com/CUNY-CL/wikipron/tree/master/data/scrape;19.10.2021;0;;Kannada;true;Kannada;WikiPron Data, mined from Wiktionary;;;;;;;;;
kas;text file;word list;Broad;270;;IPA;;;;https://github.com/CUNY-CL/wikipron/tree/master/data/scrape;17.07.2021;0;;Kashmiri;false;Arabic;;;;;;;;;;
kas;text file;word list;Narrow;160;;IPA;;;;https://github.com/CUNY-CL/wikipron/tree/master/data/scrape;17.07.2021;0;;Kashmiri;false;Arabic;;;;;;;;;;
kat;text file;word list;Broad;15’124;high;IPA;;;;https://github.com/CUNY-CL/wikipron/tree/master/data/scrape;17.07.2021;0;;Georgian;true;Georgian;WikiPron Data, mined from Wiktionary;;;;;;;;;
kat;text file;word list;Broad;15’123;high;IPA;;;;https://github.com/CUNY-CL/wikipron/tree/master/data/scrape;17.07.2021;0;;Georgian;true;Georgian;WikiPron Data, mined from Wiktionary;;;;;;;;;
kaz;text file;word list;Broad;119;;IPA;;;;https://github.com/CUNY-CL/wikipron/tree/master/data/scrape;17.07.2021;0;;Kazakh;false;Cyrillic;;;;;;;;;;
kaz;text file;word list;Narrow;745;;IPA;;;;https://github.com/CUNY-CL/wikipron/tree/master/data/scrape;17.07.2021;0;;Kazakh;false;Cyrillic;;;;;;;;;;
kat;pdf;full text (the north wind and the sun);broad;107;low;IPA;theNorthWindAndTheSun/standard-georgian.pdf;theNorthWindAndTheSun/kat-orthographic.txt;theNorthWindAndTheSun/kat-broad.txt;https://www.cambridge.org/core/journals/journal-of-the-international-phonetic-association/article/standard-georgian/A7DCF9606BA856FCA5CC25918ADB37EF;11.08.2021;1;;Georgian;true;;;;;;;;;;;
kat;pdf;full text (the north wind and the sun);narrow;107;low;IPA;theNorthWindAndTheSun/standard-georgian.pdf;theNorthWindAndTheSun/kat-orthographic.txt;theNorthWindAndTheSun/kat-narrow.txt;https://www.cambridge.org/core/journals/journal-of-the-international-phonetic-association/article/standard-georgian/A7DCF9606BA856FCA5CC25918ADB37EF;11.08.2021;1;;Georgian;true;;;;;;;;;;;
kbd;text file;word list;Narrow;834;;IPA;;;;https://github.com/CUNY-CL/wikipron/tree/master/data/scrape;17.07.2021;0;;Kabardian;false;Cyrillic;;;;;;;;;;
khb;text file;word list;Broad;303;;IPA;;;;https://github.com/CUNY-CL/wikipron/tree/master/data/scrape;17.07.2021;0;;Lü;false;New Tai Lue;;;;;;;;;;
khm;text file;word list;Broad;3’411;;IPA;;;;https://github.com/CUNY-CL/wikipron/tree/master/data/scrape;17.07.2021;0;;Khmer;false;Khmer;;;;;;;;;;
khm;text file;word list;Broad;3’208;;IPA;;;;https://github.com/CUNY-CL/wikipron/tree/master/data/scrape;17.07.2021;0;;Khmer;false;Khmer;;;;;;;;;;
kik;text file;word list;Broad;1’129;;IPA;;;;https://github.com/CUNY-CL/wikipron/tree/master/data/scrape;17.07.2021;0;;Kikuyu;false;Latin;;;;;;;;;;
kir;text file;word list;Broad;101;;IPA;;;;https://github.com/CUNY-CL/wikipron/tree/master/data/scrape;17.07.2021;0;;Kirghiz;false;Cyrillic;;;;;;;;;;
kew;;;;;;;;;;;;;;West Kewa;true;;;;;;;;;;;
kld;text file;word list;Broad;454;;IPA;;;;https://github.com/CUNY-CL/wikipron/tree/master/data/scrape;17.07.2021;0;;Gamilaraay;false;Latin;;;;;;;;;;
kgo;;;;;;;;;;;;;;Krongo;true;;;;;;;;;;;
kmr;text file;word list;Broad;1’172;;IPA;;;;https://github.com/CUNY-CL/wikipron/tree/master/data/scrape;17.07.2021;0;;Northern Kurdish;false;Latin;;;;;;;;;;
khk;;;;;;;;;;;;;;Halh Mongolian;true;;;;;;;;;;;
kio;;;;;;;;;;;;;;Kiowa;true;;;;;;;;;;;
kjq;;;;;;;;;;;;;;Western Keres;true;;;;;;;;;;;
kor;text file;word list;unk;10’000;high;IPA;;;;https://github.com/sigmorphon/2021-task1/tree/main/data/medium;13.07.2021;0;;Korean;true;;WikiPron Data, mined from Wiktionary;;;;;;;;;
kor;text file;word list;Narrow;16’402;high;IPA;;;;https://github.com/CUNY-CL/wikipron/tree/master/data/scrape;17.07.2021;0;;Korean;true;Hangul;WikiPron Data, mined from Wiktionary;;;;;;;;;
kpv;text file;word list;Broad;321;;IPA;;;;https://github.com/CUNY-CL/wikipron/tree/master/data/scrape;17.07.2021;0;;Komi-Zyrian;false;Cyrillic;;;;;;;;;;
krl;text file;word list;Broad;106;;IPA;;;;https://github.com/CUNY-CL/wikipron/tree/master/data/scrape;19.10.2021;0;;Karelian;false;Latin;WikiPron Data, mined from Wiktionary;;;;;;;;;
kor;text file;word list;Narrow;14’141;high;IPA;;;;https://github.com/CUNY-CL/wikipron/tree/master/data/scrape;17.07.2021;0;;Korean;true;Hangul;WikiPron Data, mined from Wiktionary;;;;;;;;;
kor;pdf;full text (the north wind and the sun);unk;;;IPA;the-principles-of-the-international-phonetic-association-1949.pdf;;;https://www.cambridge.org/core/journals/journal-of-the-international-phonetic-association/article/principles-of-the-international-phonetic-association-1949/ABD87488D9A321AFB8E5E67DF49EF6AF;09.07.2021;1;Seoul;Korean;true;;;;;;;;;;;
kor;pdf;full text (the north wind and the sun);unk;64;low;IPA;theNorthWindAndTheSun/korean.pdf;theNorthWindAndTheSun/kor-orthographic.txt;theNorthWindAndTheSun/kor.txt;https://www.jstor.org/stable/44527099?refreqid=excelsior%3A30714173dcb81c83c007f88771c5b835&seq=1#metadata_info_tab_contents;09.07.2021;1;;Korean;true;;;;;;;;;;;
kxd;text file;word list;Broad;346;;IPA;;;;https://github.com/CUNY-CL/wikipron/tree/master/data/scrape;17.07.2021;0;;Brunei;false;Latin;;;;;;;;;;
lad;text file;word list;Broad;101;;IPA;;;;https://github.com/CUNY-CL/wikipron/tree/master/data/scrape;17.07.2021;0;;Ladino;false;Latin;;;;;;;;;;
lao;text file;word list;Broad;513;;IPA;;;;https://github.com/CUNY-CL/wikipron/tree/master/data/scrape;17.07.2021;0;;Lao;false;Lao;;;;;;;;;;
lat;text file;word list;Broad;33’333;;IPA;;;;https://github.com/CUNY-CL/wikipron/tree/master/data/scrape;17.07.2021;0;Classical;Latin;false;Latin;;;;;;;;;;
lat;text file;word list;Narrow;32’715;;IPA;;;;https://github.com/CUNY-CL/wikipron/tree/master/data/scrape;17.07.2021;0;Classical;Latin;false;Latin;;;;;;;;;;
kut;;;;;;;;;;;;;;Kutenai;true;;;;;;;;;;;
lat;text file;word list;Broad;32’334;;IPA;;;;https://github.com/CUNY-CL/wikipron/tree/master/data/scrape;17.07.2021;0;Ecclesiastical;Latin;false;Latin;;;;;;;;;;
kyh;;;;;;;;;;;;;;Karok;true;;;;;;;;;;;
lat;text file;word list;Narrow;31’750;;IPA;;;;https://github.com/CUNY-CL/wikipron/tree/master/data/scrape;17.07.2021;0;Ecclesiastical;Latin;false;Latin;;;;;;;;;;
lat;text file;word list;Broad;508;;IPA;;;;https://github.com/CUNY-CL/wikipron/tree/master/data/scrape;17.07.2021;0;Vulgar;Latin;false;Latin;;;;;;;;;;
lat;text file;word list;Narrow;481;;IPA;;;;https://github.com/CUNY-CL/wikipron/tree/master/data/scrape;17.07.2021;0;Vulgar;Latin;false;Latin;;;;;;;;;;
lav;text file;word list;;1’000;;IPA;;;;https://github.com/sigmorphon/2021-task1/tree/main/data/medium;13.07.2021;0;;Latvian;false;;;;;;;;;;;
lav;text file;word list;Narrow;1’291;;IPA;;;;https://github.com/CUNY-CL/wikipron/tree/master/data/scrape;17.07.2021;0;;Latvian;false;Latin;;;;;;;;;;
lav;text file;word list;Narrow;1’230;;IPA;;;;https://github.com/CUNY-CL/wikipron/tree/master/data/scrape;17.07.2021;0;;Latvian;false;Latin;;;;;;;;;;
lif;text file;word list;Broad;108;;IPA;;;;https://github.com/CUNY-CL/wikipron/tree/master/data/scrape;17.07.2021;0;;Limbu;false;Limbu;;;;;;;;;;
lij;text file;word list;Broad;756;;IPA;;;;https://github.com/CUNY-CL/wikipron/tree/master/data/scrape;17.07.2021;0;;Ligurian;false;Latin;;;;;;;;;;
lim;text file;word list;Narrow;125;;IPA;;;;https://github.com/CUNY-CL/wikipron/tree/master/data/scrape;17.07.2021;0;;Limburgan;false;Latin;;;;;;;;;;
lit;text file;word list;Broad;332;;IPA;;;;https://github.com/CUNY-CL/wikipron/tree/master/data/scrape;17.07.2021;0;;Lithuanian;false;Latin;;;;;;;;;;
lit;text file;word list;Narrow;12’676;;IPA;;;;https://github.com/CUNY-CL/wikipron/tree/master/data/scrape;17.07.2021;0;;Lithuanian;false;Latin;;;;;;;;;;
laj;;;;;;;;;;;;;;Lango (Uganda);true;;;;;;;;;;;
liv;text file;word list;Broad;352;;IPA;;;;https://github.com/CUNY-CL/wikipron/tree/master/data/scrape;17.07.2021;0;;Liv;false;Latin;;;;;;;;;;
lmo;text file;word list;Broad;163;;IPA;;;;https://github.com/CUNY-CL/wikipron/tree/master/data/scrape;17.07.2021;0;;Lombard;false;Latin;;;;;;;;;;
lmy;text file;word list;Narrow;128;;IPA;;;;https://github.com/CUNY-CL/wikipron/tree/master/data/scrape;17.07.2021;0;;Lamboya;false;Latin;;;;;;;;;;
lsi;text file;word list;Broad;300;;IPA;;;;https://github.com/CUNY-CL/wikipron/tree/master/data/scrape;17.07.2021;0;;Lashi;false;Latin;;;;;;;;;;
ltg;text file;word list;Narrow;125;;IPA;;;;https://github.com/CUNY-CL/wikipron/tree/master/data/scrape;17.07.2021;0;;Latgalian;false;Latin;;;;;;;;;;
ltz;text file;word list;Broad;4’120;;IPA;;;;https://github.com/CUNY-CL/wikipron/tree/master/data/scrape;17.07.2021;0;;"Letzeburgesch; Luxembourgish";false;Latin;;;;;;;;;;
lez;;;;;;;;;;;;;;Lezgian;true;;;;;;;;;;;
ltz;text file;word list;Narrow;1’764;;IPA;;;;https://github.com/CUNY-CL/wikipron/tree/master/data/scrape;17.07.2021;0;;"Letzeburgesch; Luxembourgish";false;Latin;;;;;;;;;;
lwl;text file;word list;Broad;253;;IPA;;;;https://github.com/CUNY-CL/wikipron/tree/master/data/scrape;17.07.2021;0;;Eastern Lawa;false;Thai;;;;;;;;;;
mah;text file;word list;Broad;900;;IPA;;;;https://github.com/CUNY-CL/wikipron/tree/master/data/scrape;17.07.2021;0;;Marshallese;false;Latin;;;;;;;;;;
mah;text file;word list;Narrow;1’502;;IPA;;;;https://github.com/CUNY-CL/wikipron/tree/master/data/scrape;17.07.2021;0;;Marshallese;false;Latin;;;;;;;;;;
mak;text file;word list;Narrow;405;;IPA;;;;https://github.com/CUNY-CL/wikipron/tree/master/data/scrape;17.07.2021;0;;Makasar;false;Latin;;;;;;;;;;
mal;text file;word list;Narrow;141;;IPA;;;;https://github.com/CUNY-CL/wikipron/tree/master/data/scrape;17.07.2021;0;;Malayalam;false;Malayalam;;;;;;;;;;
lkt;;;;;;;;;;;;;;Lakota;true;;;;;;;;;;;
lue;;;;;;;;;;;;;;Luvale;true;;;;;;;;;;;
mar;text file;word list;Broad;588;;IPA;;;;https://github.com/CUNY-CL/wikipron/tree/master/data/scrape;17.07.2021;0;;Marathi;false;Devanagari;;;;;;;;;;
mar;text file;word list;Narrow;118;;IPA;;;;https://github.com/CUNY-CL/wikipron/tree/master/data/scrape;17.07.2021;0;;Marathi;false;Devanagari;;;;;;;;;;
mdf;text file;word list;Broad;117;;IPA;;;;https://github.com/CUNY-CL/wikipron/tree/master/data/scrape;17.07.2021;0;;Moksha;false;Cyrillic;;;;;;;;;;
mfe;text file;word list;Broad;206;;IPA;;;;https://github.com/CUNY-CL/wikipron/tree/master/data/scrape;17.07.2021;0;;Morisyen;false;Latin;;;;;;;;;;
mga;text file;word list;Broad;247;;IPA;;;;https://github.com/CUNY-CL/wikipron/tree/master/data/scrape;17.07.2021;0;;Middle Irish (900-1200);false;Latin;;;;;;;;;;
mic;text file;word list;Broad;137;;IPA;;;;https://github.com/CUNY-CL/wikipron/tree/master/data/scrape;17.07.2021;0;;Mi'kmaq;false;Latin;;;;;;;;;;
mic;text file;word list;Narrow;135;;IPA;;;;https://github.com/CUNY-CL/wikipron/tree/master/data/scrape;17.07.2021;0;;Mi'kmaq;false;Latin;;;;;;;;;;
mkd;text file;word list;Narrow;6’878;;IPA;;;;https://github.com/CUNY-CL/wikipron/tree/master/data/scrape;17.07.2021;0;;Macedonian;false;Cyrillic;;;;;;;;;;
mlg;text file;word list;Broad;146;;IPA;;;;https://github.com/CUNY-CL/wikipron/tree/master/data/scrape;17.07.2021;0;;Malagasy;false;Latin;;;;;;;;;;
mlt;text file;word list;;1’000;;IPA;;;;https://github.com/sigmorphon/2021-task1/tree/main/data/medium;13.07.2021;0;Latin script;Maltese;false;;;;;;;;;;;
mlt;text file;word list;Broad;4’609;;IPA;;;;https://github.com/CUNY-CL/wikipron/tree/master/data/scrape;17.07.2021;0;;Maltese;false;Latin;;;;;;;;;;
mlt;text file;word list;Broad;4’035;;IPA;;;;https://github.com/CUNY-CL/wikipron/tree/master/data/scrape;17.07.2021;0;;Maltese;false;Latin;;;;;;;;;;
lvk;;;;;;;;;;;;;;Lavukaleve;true;;;;;;;;;;;
mnc;text file;word list;Narrow;890;;IPA;;;;https://github.com/CUNY-CL/wikipron/tree/master/data/scrape;17.07.2021;0;;Manchu;false;Mongolian;;;;;;;;;;
mnw;text file;word list;Broad;514;;IPA;;;;https://github.com/CUNY-CL/wikipron/tree/master/data/scrape;17.07.2021;0;;Mon;false;Myanmar;;;;;;;;;;
mon;text file;word list;Broad;1’166;;IPA;;;;https://github.com/CUNY-CL/wikipron/tree/master/data/scrape;17.07.2021;0;;Mongolian;false;Cyrillic;;;;;;;;;;
mon;text file;word list;Narrow;510;;IPA;;;;https://github.com/CUNY-CL/wikipron/tree/master/data/scrape;17.07.2021;0;;Mongolian;false;Cyrillic;;;;;;;;;;
msa;text file;word list;Broad;628;;IPA;;;;https://github.com/CUNY-CL/wikipron/tree/master/data/scrape;17.07.2021;0;;Malay (macrolanguage);false;Arabic;;;;;;;;;;
mig;;;;;;;;;;;;;;San Miguel El Grande Mixtec;true;;;;;;;;;;;
msa;text file;word list;Narrow;220;;IPA;;;;https://github.com/CUNY-CL/wikipron/tree/master/data/scrape;17.07.2021;0;;Malay (macrolanguage);false;Arabic;;;;;;;;;;
msa;text file;word list;Broad;2’057;;IPA;;;;https://github.com/CUNY-CL/wikipron/tree/master/data/scrape;17.07.2021;0;;Malay (macrolanguage);false;Latin;;;;;;;;;;
msa;text file;word list;Narrow;444;;IPA;;;;https://github.com/CUNY-CL/wikipron/tree/master/data/scrape;17.07.2021;0;;Malay (macrolanguage);false;Latin;;;;;;;;;;
mni;;;;;;;;;;;;;;Manipuri;true;;;;;;;;;;;
mpc;;;;;;;;;;;;;;Mangarrayi;true;;;;;;;;;;;
mph;;;;;;;;;;;;;;Mawng;true;;;;;;;;;;;
mww;text file;word list;Broad;322;;IPA;;;;https://github.com/CUNY-CL/wikipron/tree/master/data/scrape;17.07.2021;0;;Hmong Daw;false;Latin;;;;;;;;;;
mrc;;;;;;;;;;;;;;Maricopa;true;;;;;;;;;;;
mya;text file;word list;Broad;4’636;high;IPA;;;;https://github.com/CUNY-CL/wikipron/tree/master/data/scrape;17.07.2021;0;;Burmese;true;Myanmar;WikiPron Data, mined from Wiktionary;;;;;;;;;
nan;text file;word list;Broad;44’588;;IPA;;;;https://github.com/CUNY-CL/wikipron/tree/master/data/scrape;17.07.2021;0;Xiamen;Min Nan Chinese;false;Han;;;;;;;;;;
nap;text file;word list;Broad;321;;IPA;;;;https://github.com/CUNY-CL/wikipron/tree/master/data/scrape;17.07.2021;0;;Neapolitan;false;Latin;;;;;;;;;;
mya;text file;word list;Broad;4’631;high;IPA;;;;https://github.com/CUNY-CL/wikipron/tree/master/data/scrape;17.07.2021;0;;Burmese;true;Myanmar;WikiPron Data, mined from Wiktionary;;;;;;;;;
mya;pdf;full text (the north wind and the sun);unk;;;IPA;the-principles-of-the-international-phonetic-association-1949.pdf;;;https://www.cambridge.org/core/journals/journal-of-the-international-phonetic-association/article/principles-of-the-international-phonetic-association-1949/ABD87488D9A321AFB8E5E67DF49EF6AF;09.07.2021;1;;Burmese;true;;;;;;;;;;;
mya;pdf;full text (the north wind and the sun);unk;42;low;IPA;theNorthWindAndTheSun/burmese.pdf;theNorthWindAndTheSun/mya-orthographic.txt;theNorthWindAndTheSun/mya.txt;https://www.cambridge.org/core/journals/journal-of-the-international-phonetic-association/article/burmese/334DD11C94575EF39A51109B008FB090;11.08.2021;1;;Burmese;true;;the transcription was provided by Simon Greenhill, https://github.com/SimonGreenhill/jipa;;;;;;;;;
nav;text file;word list;Broad;226;;IPA;;;;https://github.com/CUNY-CL/wikipron/tree/master/data/scrape;17.07.2021;0;;Navajo;false;Latin;;;;;;;;;;
nci;text file;word list;Broad;820;;IPA;;;;https://github.com/CUNY-CL/wikipron/tree/master/data/scrape;17.07.2021;0;;Classical Nahuatl;false;Latin;;;;;;;;;;
myh;;;;;;;;;;;;;;Makah;true;;;;;;;;;;;
myp;;;;;;;;;;;;;;Pirahã;true;;;;;;;;;;;
nld;image;full text (the north wind and the sun);broad;;;IPA;the-principles-of-the-international-phonetic-association-1949.pdf;;;https://www.cambridge.org/core/journals/journal-of-the-international-phonetic-association/article/principles-of-the-international-phonetic-association-1949/ABD87488D9A321AFB8E5E67DF49EF6AF;09.07.2021;1;;Dutch;false;;;;;;;;;;;
mzh;;;;;;;;;;;;;;Wichí Lhamtés Güisnay;true;;;;;;;;;;;
nci;text file;word list;Narrow;1’396;;IPA;;;;https://github.com/CUNY-CL/wikipron/tree/master/data/scrape;17.07.2021;0;;Classical Nahuatl;false;Latin;;;;;;;;;;
nds;text file;word list;Broad;185;;IPA;;;;https://github.com/CUNY-CL/wikipron/tree/master/data/scrape;17.07.2021;0;;Low German;false;Latin;;;;;;;;;;
nep;text file;word list;Broad;1’223;;IPA;;;;https://github.com/CUNY-CL/wikipron/tree/master/data/scrape;17.07.2021;0;;Nepali (macrolanguage);false;Devanagari;;;;;;;;;;
nep;text file;word list;Narrow;982;;IPA;;;;https://github.com/CUNY-CL/wikipron/tree/master/data/scrape;17.07.2021;0;;Nepali (macrolanguage);false;Devanagari;;;;;;;;;;
new;text file;word list;Broad;403;;IPA;;;;https://github.com/CUNY-CL/wikipron/tree/master/data/scrape;17.07.2021;0;;Newari;false;Devanagari;;;;;;;;;;
nhg;text file;word list;Narrow;305;;IPA;;;;https://github.com/CUNY-CL/wikipron/tree/master/data/scrape;17.07.2021;0;;Tetelcingo Nahuatl;false;Latin;;;;;;;;;;
nhn;text file;word list;Broad;102;;IPA;;;;https://github.com/CUNY-CL/wikipron/tree/master/data/scrape;19.10.2021;0;Central;Nahuatl;false;Latin;WikiPron Data, mined from Wiktionary;;;;;;;;;
nhx;text file;word list;Broad;146;;IPA;;;;https://github.com/CUNY-CL/wikipron/tree/master/data/scrape;17.07.2021;0;;Isthmus-Mecayapan Nahuatl;false;Latin;;;;;;;;;;
nld;text file;word list;Broad;30’623;;IPA;;;;https://github.com/CUNY-CL/wikipron/tree/master/data/scrape;17.07.2021;0;;"Dutch; Flemish";false;Latin;;;;;;;;;;
nld;text file;word list;Broad;30’566;;IPA;;;;https://github.com/CUNY-CL/wikipron/tree/master/data/scrape;17.07.2021;0;;"Dutch; Flemish";false;Latin;;;;;;;;;;
nld;text file;word list;Narrow;652;;IPA;;;;https://github.com/CUNY-CL/wikipron/tree/master/data/scrape;17.07.2021;0;;"Dutch; Flemish";false;Latin;;;;;;;;;;
nmy;text file;word list;Narrow;368;;IPA;;;;https://github.com/CUNY-CL/wikipron/tree/master/data/scrape;17.07.2021;0;;Namuyi;false;Latin;;;;;;;;;;
nno;text file;word list;Broad;1’378;;IPA;;;;https://github.com/CUNY-CL/wikipron/tree/master/data/scrape;17.07.2021;0;;Norwegian Nynorsk;false;Latin;;;;;;;;;;
nno;text file;word list;Narrow;206;;IPA;;;;https://github.com/CUNY-CL/wikipron/tree/master/data/scrape;17.07.2021;0;;Norwegian Nynorsk;false;Latin;;;;;;;;;;
nob;text file;word list;Broad;1’711;;IPA;;;;https://github.com/CUNY-CL/wikipron/tree/master/data/scrape;17.07.2021;0;;Norwegian Bokmål;false;Latin;;;;;;;;;;
nob;text file;word list;Broad;1’292;;IPA;;;;https://github.com/CUNY-CL/wikipron/tree/master/data/scrape;17.07.2021;0;;Norwegian Bokmål;false;Latin;;;;;;;;;;
nob;text file;word list;Narrow;587;;IPA;;;;https://github.com/CUNY-CL/wikipron/tree/master/data/scrape;17.07.2021;0;;Norwegian Bokmål;false;Latin;;;;;;;;;;
non;text file;word list;Broad;164;;IPA;;;;https://github.com/CUNY-CL/wikipron/tree/master/data/scrape;17.07.2021;0;;Old Norse;false;Latin;;;;;;;;;;
nor;text file;word list;Broad;2’056;;IPA;;;;https://github.com/CUNY-CL/wikipron/tree/master/data/scrape;17.07.2021;0;;Norwegian;false;Latin;;;;;;;;;;
nrf;text file;word list;Broad;175;;IPA;;;;https://github.com/CUNY-CL/wikipron/tree/master/data/scrape;17.07.2021;0;;Jèrriais;false;Latin;;;;;;;;;;
nya;text file;word list;Broad;823;;IPA;;;;https://github.com/CUNY-CL/wikipron/tree/master/data/scrape;17.07.2021;0;;Nyanja;false;Latin;;;;;;;;;;
oci;text file;word list;Broad;387;;IPA;;;;https://github.com/CUNY-CL/wikipron/tree/master/data/scrape;17.07.2021;0;;Occitan (post 1500);false;Latin;;;;;;;;;;
oci;text file;word list;Narrow;293;;IPA;;;;https://github.com/CUNY-CL/wikipron/tree/master/data/scrape;17.07.2021;0;;Occitan (post 1500);false;Latin;;;;;;;;;;
ofs;text file;word list;Broad;175;;IPA;;;;https://github.com/CUNY-CL/wikipron/tree/master/data/scrape;17.07.2021;0;;Old Frisian;false;Latin;;;;;;;;;;
okm;text file;word list;Broad;334;;IPA;;;;https://github.com/CUNY-CL/wikipron/tree/master/data/scrape;17.07.2021;0;;Middle Korean (10th-16th cent.);false;Hangul;;;;;;;;;;
ori;text file;word list;Broad;218;;IPA;;;;https://github.com/CUNY-CL/wikipron/tree/master/data/scrape;17.07.2021;0;;Oriya (macrolanguage);false;Oriya;;;;;;;;;;
osp;text file;word list;Narrow;267;;IPA;;;;https://github.com/CUNY-CL/wikipron/tree/master/data/scrape;17.07.2021;0;;Old Spanish;false;Latin;;;;;;;;;;
osx;text file;word list;Broad;181;;IPA;;;;https://github.com/CUNY-CL/wikipron/tree/master/data/scrape;17.07.2021;0;;Old Saxon;false;Latin;;;;;;;;;;
ota;text file;word list;Narrow;159;;IPA;;;;https://github.com/CUNY-CL/wikipron/tree/master/data/scrape;17.07.2021;0;;Ottoman Turkish (1500-1928);false;Arabic;;;;;;;;;;
naq;;;;;;;;;;;;;;Nama (Namibia);true;;;;;;;;;;;
pan;text file;word list;Broad;139;;IPA;;;;https://github.com/CUNY-CL/wikipron/tree/master/data/scrape;17.07.2021;0;;Panjabi;false;Gurmukhi;;;;;;;;;;
pbv;text file;word list;Broad;101;;IPA;;;;https://github.com/CUNY-CL/wikipron/tree/master/data/scrape;17.07.2021;0;;Pnar;false;Latin;;;;;;;;;;
pcc;text file;word list;Broad;105;;IPA;;;;https://github.com/CUNY-CL/wikipron/tree/master/data/scrape;17.07.2021;0;;Bouyei;false;Latin;;;;;;;;;;
pdc;text file;word list;Broad;103;;IPA;;;;https://github.com/CUNY-CL/wikipron/tree/master/data/scrape;17.07.2021;0;;Pennsylvania German;false;Latin;;;;;;;;;;
one;;;;;;;;;;;;;;Oneida;true;;;;;;;;;;;
phl;text file;word list;Broad;2’227;;IPA;;;;https://github.com/CUNY-CL/wikipron/tree/master/data/scrape;17.07.2021;0;;Phalura;false;Latin;;;;;;;;;;
ote;;;;;;;;;;;;;;Mezquital Otomi;true;;;;;;;;;;;
pjt;text file;word list;Narrow;125;;IPA;;;;https://github.com/CUNY-CL/wikipron/tree/master/data/scrape;17.07.2021;0;;Pitjantjatjara;false;Latin;;;;;;;;;;
pms;text file;word list;Broad;732;;IPA;;;;https://github.com/CUNY-CL/wikipron/tree/master/data/scrape;17.07.2021;0;;Piemontese;false;Latin;;;;;;;;;;
pol;text file;word list;Broad;71’863;;IPA;;;;https://github.com/CUNY-CL/wikipron/tree/master/data/scrape;17.07.2021;0;;Polish;false;Latin;;;;;;;;;;
pav;;;;;;;;;;;;;;Wari';true;;;;;;;;;;;
pes;pdf;full text (the north wind and the sun);unk;;;IPA;the-principles-of-the-international-phonetic-association-1949.pdf;;;https://www.cambridge.org/core/journals/journal-of-the-international-phonetic-association/article/principles-of-the-international-phonetic-association-1949/ABD87488D9A321AFB8E5E67DF49EF6AF;09.07.2021;1;Persian (Teheran);Western Farsi;true;;;;;;;;;;;
por;text file;word list;Broad;11’489;;IPA;;;;https://github.com/CUNY-CL/wikipron/tree/master/data/scrape;17.07.2021;0;Brazil;Portuguese;false;Latin;;;;;;;;;;
ron;image;full text (the north wind and the sun);;;;IPA;the-principles-of-the-international-phonetic-association-1949.pdf;;;https://www.cambridge.org/core/journals/journal-of-the-international-phonetic-association/article/principles-of-the-international-phonetic-association-1949/ABD87488D9A321AFB8E5E67DF49EF6AF;09.07.2021;1;Bucarest;Romanian;false;;;;;;;;;;;
por;text file;word list;Broad;11’331;;IPA;;;;https://github.com/CUNY-CL/wikipron/tree/master/data/scrape;17.07.2021;0;Brazil;Portuguese;false;Latin;;;;;;;;;;
pes;pdf;full text (the north wind and the sun);unk;91;low;IPA;theNorthWindAndTheSun/farsi.pdf;theNorthWindAndTheSun/pes-orthographic.txt;theNorthWindAndTheSun/pes.txt;https://www.jstor.org/stable/44526112?refreqid=excelsior%3A62d0e9aac5348ffd9c0630ba7e5cde80&seq=3#metadata_info_tab_contents;12.08.2021;1;;Western Farsi;true;;;;;;;;;;;
por;text file;word list;Narrow;953;;IPA;;;;https://github.com/CUNY-CL/wikipron/tree/master/data/scrape;17.07.2021;0;Brazil;Portuguese;false;Latin;;;;;;;;;;
por;text file;word list;Broad;10’122;;IPA;;;;https://github.com/CUNY-CL/wikipron/tree/master/data/scrape;17.07.2021;0;Portugal;Portuguese;false;Latin;;;;;;;;;;
por;text file;word list;Broad;9’800;;IPA;;;;https://github.com/CUNY-CL/wikipron/tree/master/data/scrape;17.07.2021;0;Portugal;Portuguese;false;Latin;;;;;;;;;;
por;text file;word list;Narrow;312;;IPA;;;;https://github.com/CUNY-CL/wikipron/tree/master/data/scrape;17.07.2021;0;Portugal;Portuguese;false;Latin;;;;;;;;;;
pox;text file;word list;Broad;228;;IPA;;;;https://github.com/CUNY-CL/wikipron/tree/master/data/scrape;17.07.2021;0;;Polabian;false;Latin;;;;;;;;;;
ppl;text file;word list;Broad;263;;IPA;;;;https://github.com/CUNY-CL/wikipron/tree/master/data/scrape;17.07.2021;0;;Pipil;false;Latin;;;;;;;;;;
pus;text file;word list;Broad;1’242;;IPA;;;;https://github.com/CUNY-CL/wikipron/tree/master/data/scrape;17.07.2021;0;;Pushto;false;Arabic;;;;;;;;;;
rgn;text file;word list;Broad;323;;IPA;;;;https://github.com/CUNY-CL/wikipron/tree/master/data/scrape;19.10.2021;0;;Romagnol;false;Latin;WikiPron Data, mined from Wiktionary;;;;;;;;;
ron;text file;word list;Broad;4’103;;IPA;;;;https://github.com/CUNY-CL/wikipron/tree/master/data/scrape;17.07.2021;0;;"Romanian; Moldavian; Moldovan";false;Latin;;;;;;;;;;
ron;text file;word list;Narrow;6’377;;IPA;;;;https://github.com/CUNY-CL/wikipron/tree/master/data/scrape;17.07.2021;0;;"Romanian; Moldavian; Moldovan";false;Latin;;;;;;;;;;
ron;text file;word list;Narrow;6’271;;IPA;;;;https://github.com/CUNY-CL/wikipron/tree/master/data/scrape;17.07.2021;0;;"Romanian; Moldavian; Moldovan";false;Latin;;;;;;;;;;
rup;text file;word list;Narrow;149;;IPA;;;;https://github.com/CUNY-CL/wikipron/tree/master/data/scrape;17.07.2021;0;;Macedo-Romanian;false;Latin;;;;;;;;;;
shn;image;full text (the north wind and the sun);;;;IPA;the-principles-of-the-international-phonetic-association-1949.pdf;;;https://www.cambridge.org/core/journals/journal-of-the-international-phonetic-association/article/principles-of-the-international-phonetic-association-1949/ABD87488D9A321AFB8E5E67DF49EF6AF;09.07.2021;1;Hsi Paw;Shan;false;;;;;;;;;;;
plt;;;;;;;;;;;;;;Plateau Malagasy;true;;;;;;;;;;;
pwn;;;;;;;;;;;;;;Paiwan;true;;;;;;;;;;;
qvi;;full text (the north wind and the sun);unk;87;low;IPA;;;theNorthWindAndTheSun/qvi.txt;;21.10.2021;0;;Imbabura Highland Quichua;true;;the transcription was provided by Simon Greenhill, https://github.com/SimonGreenhill/jipa;;;;;;;;;
ram;;;;;;;;;;;;;;Canela-Krahô;true;;;;;;;;;;;
rap;;;;;;;;;;;;;;Rapanui;true;;;;;;;;;;;
rma;;;;;;;;;;;;;;Rama;true;;;;;;;;;;;
rus;text file;word list;Narrow;402’586;high;IPA;;;;https://github.com/CUNY-CL/wikipron/tree/master/data/scrape;17.07.2021;0;;Russian;true;Cyrillic;WikiPron Data, mined from Wiktionary;;;;;;;;;
sah;text file;word list;Broad;162;;IPA;;;;https://github.com/CUNY-CL/wikipron/tree/master/data/scrape;17.07.2021;0;;Yakut;false;Cyrillic;;;;;;;;;;
san;text file;word list;Broad;6’839;;IPA;;;;https://github.com/CUNY-CL/wikipron/tree/master/data/scrape;17.07.2021;0;;Sanskrit;false;Devanagari;;;;;;;;;;
san;text file;word list;Narrow;673;;IPA;;;;https://github.com/CUNY-CL/wikipron/tree/master/data/scrape;17.07.2021;0;;Sanskrit;false;Devanagari;;;;;;;;;;
sce;text file;word list;Broad;119;;IPA;;;;https://github.com/CUNY-CL/wikipron/tree/master/data/scrape;17.07.2021;0;;Dongxiang;false;Latin;;;;;;;;;;
rus;pdf;full text (the north wind and the sun);unk;93;low;IPA;;;theNorthWindAndTheSun/rus.txt;;;;;Russian;true;Cyrillic;WikiPron Data, mined from Wiktionary;;;;;;;;;
scn;text file;word list;Broad;855;;IPA;;;;https://github.com/CUNY-CL/wikipron/tree/master/data/scrape;17.07.2021;0;;Sicilian;false;Latin;;;;;;;;;;
rus;pdf;full text (the north wind and the sun);broad;;;IPA;the-principles-of-the-international-phonetic-association-1949.pdf;;;https://www.cambridge.org/core/journals/journal-of-the-international-phonetic-association/article/principles-of-the-international-phonetic-association-1949/ABD87488D9A321AFB8E5E67DF49EF6AF;09.07.2021;1;;Russian;true;;;;;;;;;;;
scn;text file;word list;Narrow;287;;IPA;;;;https://github.com/CUNY-CL/wikipron/tree/master/data/scrape;17.07.2021;0;;Sicilian;false;Latin;;;;;;;;;;
sco;text file;word list;Broad;900;;IPA;;;;https://github.com/CUNY-CL/wikipron/tree/master/data/scrape;17.07.2021;0;;Scots;false;Latin;;;;;;;;;;
sco;text file;word list;Narrow;438;;IPA;;;;https://github.com/CUNY-CL/wikipron/tree/master/data/scrape;17.07.2021;0;;Scots;false;Latin;;;;;;;;;;
sga;text file;word list;Broad;2’289;;IPA;;;;https://github.com/CUNY-CL/wikipron/tree/master/data/scrape;17.07.2021;0;;Old Irish (to 900);false;Latin;;;;;;;;;;
shn;text file;word list;Broad;487;;IPA;;;;https://github.com/CUNY-CL/wikipron/tree/master/data/scrape;17.07.2021;0;;Shan;false;Myanmar;;;;;;;;;;
sid;text file;word list;Broad;192;;IPA;;;;https://github.com/CUNY-CL/wikipron/tree/master/data/scrape;17.07.2021;0;;Sidamo;false;Latin;;;;;;;;;;
slk;text file;word list;Broad;3’620;;IPA;;;;https://github.com/CUNY-CL/wikipron/tree/master/data/scrape;17.07.2021;0;;Slovak;false;Latin;;;;;;;;;;
slk;text file;word list;Narrow;1’620;;IPA;;;;https://github.com/CUNY-CL/wikipron/tree/master/data/scrape;17.07.2021;0;;Slovak;false;Latin;;;;;;;;;;
slv;text file;word list;;1’000;;IPA;;;;https://github.com/sigmorphon/2021-task1/tree/main/data/medium;13.07.2021;0;;Slovenian;false;;;;;;;;;;;
slv;text file;word list;Broad;4’396;;IPA;;;;https://github.com/CUNY-CL/wikipron/tree/master/data/scrape;17.07.2021;0;;Slovenian;false;Latin;;;;;;;;;;
slv;text file;word list;Broad;4’390;;IPA;;;;https://github.com/CUNY-CL/wikipron/tree/master/data/scrape;17.07.2021;0;;Slovenian;false;Latin;;;;;;;;;;
sme;text file;word list;Broad;3’387;;IPA;;;;https://github.com/CUNY-CL/wikipron/tree/master/data/scrape;17.07.2021;0;;Northern Sami;false;Latin;;;;;;;;;;
sag;;;;;;;;;;;;;;Sango;true;;;;;;;;;;;
scs;;;;;;;;;;;;;;North Slavey;true;;;;;;;;;;;
ses;;;;;;;;;;;;;;Koyraboro Senni Songhai;true;;;;;;;;;;;
spa;text file;word list;Broad;60’805;high;IPA;;;;https://github.com/CUNY-CL/wikipron/tree/master/data/scrape;17.07.2021;0;Castilian;"Spanish; Castilian";true;Latin;WikiPron Data, mined from Wiktionary;;;;;;;;;
spa;text file;word list;Broad;60’677;high;IPA;;;;https://github.com/CUNY-CL/wikipron/tree/master/data/scrape;17.07.2021;0;Castilian;"Spanish; Castilian";true;Latin;WikiPron Data, mined from Wiktionary;;;;;;;;;
spa;text file;word list;Narrow;52’190;high;IPA;;;;https://github.com/CUNY-CL/wikipron/tree/master/data/scrape;17.07.2021;0;Castilian;"Spanish; Castilian";true;Latin;WikiPron Data, mined from Wiktionary;;;;;;;;;
spa;text file;word list;Broad;48’718;high;IPA;;;;https://github.com/CUNY-CL/wikipron/tree/master/data/scrape;17.07.2021;0;Latin America;"Spanish; Castilian";true;Latin;WikiPron Data, mined from Wiktionary;;;;;;;;;
spa;text file;word list;Broad;48’649;high;IPA;;;;https://github.com/CUNY-CL/wikipron/tree/master/data/scrape;17.07.2021;0;Latin America;"Spanish; Castilian";true;Latin;WikiPron Data, mined from Wiktionary;;;;;;;;;
sqi;text file;word list;Broad;1’450;;IPA;;;;https://github.com/CUNY-CL/wikipron/tree/master/data/scrape;17.07.2021;0;;Albanian;false;Latin;;;;;;;;;;
sqi;text file;word list;Narrow;823;;IPA;;;;https://github.com/CUNY-CL/wikipron/tree/master/data/scrape;17.07.2021;0;;Albanian;false;Latin;;;;;;;;;;
srd;text file;word list;Broad;216;;IPA;;;;https://github.com/CUNY-CL/wikipron/tree/master/data/scrape;17.07.2021;0;;Sardinian;false;Latin;;;;;;;;;;
srn;text file;word list;Broad;162;;IPA;;;;https://github.com/CUNY-CL/wikipron/tree/master/data/scrape;17.07.2021;0;;Sranan Tongo;false;Latin;;;;;;;;;;
spa;text file;word list;Narrow;41’854;high;IPA;;;;https://github.com/CUNY-CL/wikipron/tree/master/data/scrape;17.07.2021;0;Latin America;"Spanish; Castilian";true;Latin;WikiPron Data, mined from Wiktionary;;;;;;;;;
spa;pdf;full text (the north wind and the sun);broad;;;IPA;the-principles-of-the-international-phonetic-association-1949.pdf;;;https://www.cambridge.org/core/journals/journal-of-the-international-phonetic-association/article/principles-of-the-international-phonetic-association-1949/ABD87488D9A321AFB8E5E67DF49EF6AF;09.07.2021;1;Castilian;Spanish;true;;;;;;;;;;;
spa;pdf;full text (the north wind and the sun);narrow;97;low;IPA;theNorthWindAndTheSun/spanish.pdf;theNorthWindAndTheSun/spa-orthographic.txt;theNorthWindAndTheSun/spa-narrow.txt;https://www.researchgate.net/publication/273382790_Castilian_Spanish;12.08.2021;1;Castilian;Spanish;true;;;;;;;;;;;
spa;pdf;full text (the north wind and the sun);broad;97;low;IPA;theNorthWindAndTheSun/spanish.pdf;theNorthWindAndTheSun/spa-orthographic.txt;theNorthWindAndTheSun/spa-broad.txt;https://www.researchgate.net/publication/273382790_Castilian_Spanish;12.08.2021;1;Castilian;Spanish;true;;;;;;;;;;;
stq;text file;word list;Broad;174;;IPA;;;;https://github.com/CUNY-CL/wikipron/tree/master/data/scrape;17.07.2021;0;;Saterfriesisch;false;Latin;;;;;;;;;;
swe;text file;word list;Broad;3’544;;IPA;;;;https://github.com/CUNY-CL/wikipron/tree/master/data/scrape;17.07.2021;0;;Swedish;false;Latin;;;;;;;;;;
swe;text file;word list;Narrow;222;;IPA;;;;https://github.com/CUNY-CL/wikipron/tree/master/data/scrape;17.07.2021;0;;Swedish;false;Latin;;;;;;;;;;
syc;text file;word list;Narrow;5’947;;IPA;;;;https://github.com/CUNY-CL/wikipron/tree/master/data/scrape;17.07.2021;0;;Classical Syriac;false;Syriac;;;;;;;;;;
syl;text file;word list;Broad;224;;IPA;;;;https://github.com/CUNY-CL/wikipron/tree/master/data/scrape;17.07.2021;0;;Sylheti;false;Syloti Nagri;;;;;;;;;;
tam;text file;word list;Broad;2’485;;IPA;;;;https://github.com/CUNY-CL/wikipron/tree/master/data/scrape;17.07.2021;0;;Tamil;false;Tamil;;;;;;;;;;
tam;text file;word list;Narrow;2’386;;IPA;;;;https://github.com/CUNY-CL/wikipron/tree/master/data/scrape;17.07.2021;0;;Tamil;false;Tamil;;;;;;;;;;
tel;text file;word list;Broad;442;;IPA;;;;https://github.com/CUNY-CL/wikipron/tree/master/data/scrape;17.07.2021;0;;Telugu;false;Telugu;;;;;;;;;;
tel;text file;word list;Narrow;386;;IPA;;;;https://github.com/CUNY-CL/wikipron/tree/master/data/scrape;17.07.2021;0;;Telugu;false;Telugu;;;;;;;;;;
tgk;text file;word list;Broad;142;;IPA;;;;https://github.com/CUNY-CL/wikipron/tree/master/data/scrape;17.07.2021;0;;Tajik;false;Cyrillic;;;;;;;;;;
spp;;;;;;;;;;;;;;Supyire Senoufo;true;;;;;;;;;;;
swh;pdf;full text (the north wind and the sun);unk;;;IPA;the-principles-of-the-international-phonetic-association-1949.pdf;;;https://www.cambridge.org/core/journals/journal-of-the-international-phonetic-association/article/principles-of-the-international-phonetic-association-1949/ABD87488D9A321AFB8E5E67DF49EF6AF;09.07.2021;1;Zanzibar;Swahili;true;;;;;;;;;;;
vie;image;full text (the north wind and the sun);;;;IPA;the-principles-of-the-international-phonetic-association-1949.pdf;;;https://www.cambridge.org/core/journals/journal-of-the-international-phonetic-association/article/principles-of-the-international-phonetic-association-1949/ABD87488D9A321AFB8E5E67DF49EF6AF;09.07.2021;1;Tongking (Annamese);Vietnamese;false;;;;;;;;;;;
tgl;text file;word list;Broad;3’321;high;IPA;;;;https://github.com/CUNY-CL/wikipron/tree/master/data/scrape;17.07.2021;0;;Tagalog;true;Latin;WikiPron Data, mined from Wiktionary;;;;;;;;;
tgl;text file;word list;Narrow;1’915;high;IPA;;;;https://github.com/CUNY-CL/wikipron/tree/master/data/scrape;17.07.2021;0;;Tagalog;true;Latin;WikiPron Data, mined from Wiktionary;;;;;;;;;
tib;text file;word list;Broad;1’875;;IPA;;;;https://github.com/CUNY-CL/wikipron/tree/master/data/scrape;17.07.2021;0;;Tibetan;false;Tibetan;;;;;;;;;;
ton;text file;word list;Broad;154;;IPA;;;;https://github.com/CUNY-CL/wikipron/tree/master/data/scrape;17.07.2021;0;;Tonga (Tonga Islands);false;Latin;;;;;;;;;;
tpw;text file;word list;Broad;160;;IPA;;;;https://github.com/CUNY-CL/wikipron/tree/master/data/scrape;17.07.2021;0;;Tupí;false;Latin;;;;;;;;;;
tuk;text file;word list;Broad;107;;IPA;;;;https://github.com/CUNY-CL/wikipron/tree/master/data/scrape;17.07.2021;0;;Turkmen;false;Latin;;;;;;;;;;
tha;text file;word list;Broad;15’050;high;IPA;;;;https://github.com/CUNY-CL/wikipron/tree/master/data/scrape;17.07.2021;0;;Thai;true;Thai;WikiPron Data, mined from Wiktionary;;;;;;;;;
tha;pdf;full text (the north wind and the sun);unk;;;IPA;the-principles-of-the-international-phonetic-association-1949.pdf;;;https://www.cambridge.org/core/journals/journal-of-the-international-phonetic-association/article/principles-of-the-international-phonetic-association-1949/ABD87488D9A321AFB8E5E67DF49EF6AF;09.07.2021;1;Siamese;Thai;true;;;;;;;;;;;
tha;pdf;full text (the north wind and the sun);unk;21;low;IPA;theNorthWindAndTheSun/thai.pdf;theNorthWindAndTheSun/tha-orthographic.txt;theNorthWindAndTheSun/tha.txt;https://www.jstor.org/stable/44594809?refreqid=excelsior%3A30714173dcb81c83c007f88771c5b835&seq=1#metadata_info_tab_contents;09.07.2021;1;;Thai;true;;;;;;;;;;;
twf;text file;word list;Broad;135;;IPA;;;;https://github.com/CUNY-CL/wikipron/tree/master/data/scrape;17.07.2021;0;;Northern Tiwa;false;Latin;;;;;;;;;;
tiw;;;;;;;;;;;;;;Tiwi;true;;;;;;;;;;;
tyv;text file;word list;Broad;462;;IPA;;;;https://github.com/CUNY-CL/wikipron/tree/master/data/scrape;17.07.2021;0;;Tuvinian;false;Cyrillic;;;;;;;;;;
tzm;text file;word list;Broad;483;;IPA;;;;https://github.com/CUNY-CL/wikipron/tree/master/data/scrape;17.07.2021;0;;Central Atlas Tamazight;false;Tifinagh;;;;;;;;;;
tml;;;;;;;;;;;;;;Tamnim Citak;true;;;;;;;;;;;
tur;text file;word list;Broad;1’789;high;IPA;;;;https://github.com/CUNY-CL/wikipron/tree/master/data/scrape;17.07.2021;0;;Turkish;true;Latin;WikiPron Data, mined from Wiktionary;;;;;;;;;
tzm;text file;word list;Narrow;509;;IPA;;;;https://github.com/CUNY-CL/wikipron/tree/master/data/scrape;17.07.2021;0;;Central Atlas Tamazight;false;Tifinagh;;;;;;;;;;
uig;text file;word list;Broad;260;;IPA;;;;https://github.com/CUNY-CL/wikipron/tree/master/data/scrape;17.07.2021;0;;Uighur;false;Arabic;;;;;;;;;;
tur;text file;word list;Narrow;2’043;high;IPA;;;;https://github.com/CUNY-CL/wikipron/tree/master/data/scrape;17.07.2021;0;;Turkish;true;Latin;WikiPron Data, mined from Wiktionary;;;;;;;;;
ukr;text file;word list;Narrow;6’148;;IPA;;;;https://github.com/CUNY-CL/wikipron/tree/master/data/scrape;17.07.2021;0;;Ukrainian;false;Cyrillic;;;;;;;;;;
urd;text file;word list;Broad;1’063;;IPA;;;;https://github.com/CUNY-CL/wikipron/tree/master/data/scrape;17.07.2021;0;;Urdu;false;Arabic;;;;;;;;;;
zlm;image;full text (the north wind and the sun);;;;IPA;the-principles-of-the-international-phonetic-association-1949.pdf;;;https://www.cambridge.org/core/journals/journal-of-the-international-phonetic-association/article/principles-of-the-international-phonetic-association-1949/ABD87488D9A321AFB8E5E67DF49EF6AF;09.07.2021;1;;Malay;false;;;;;;;;;;;
urk;text file;word list;Broad;520;;IPA;;;;https://github.com/CUNY-CL/wikipron/tree/master/data/scrape;19.10.2021;0;;Urak Lawoi';false;Thai;WikiPron Data, mined from Wiktionary;;;;;;;;;
tur;text file;word list;Narrow;1’812;high;IPA;;;;https://github.com/CUNY-CL/wikipron/tree/master/data/scrape;17.07.2021;0;;Turkish;true;Latin;WikiPron Data, mined from Wiktionary;;;;;;;;;
urk;text file;word list;Narrow;520;;IPA;;;;https://github.com/CUNY-CL/wikipron/tree/master/data/scrape;19.10.2021;0;;Urak Lawoi';false;Thai;WikiPron Data, mined from Wiktionary;;;;;;;;;
;image;full text (the north wind and the sun);;;;IPA;the-principles-of-the-international-phonetic-association-1949.pdf;;;https://www.cambridge.org/core/journals/journal-of-the-international-phonetic-association/article/principles-of-the-international-phonetic-association-1949/ABD87488D9A321AFB8E5E67DF49EF6AF;09.07.2021;1;Cantonese, Hong Kong;Chinese;false;;;;;;;;;;;
tur;pdf;full text (the north wind and the sun);broad;;;IPA;the-principles-of-the-international-phonetic-association-1949.pdf;;;https://www.cambridge.org/core/journals/journal-of-the-international-phonetic-association/article/principles-of-the-international-phonetic-association-1949/ABD87488D9A321AFB8E5E67DF49EF6AF;09.07.2021;1;Istanbul;Turkish;true;;;;;;;;;;;
tur;pdf;full text (the north wind and the sun);broad;65;low;IPA;theNorthWindAndTheSun/turkish.pdf;theNorthWindAndTheSun/tur-orthographic.txt;theNorthWindAndTheSun/tur.txt;https://www.jstor.org/stable/44526125?refreqid=excelsior%3A84caed4afaea00e3979417b0001271e7&seq=1#metadata_info_tab_contents;09.07.2021;1;Istanbul;Turkish;true;;;;;;;;;;;
tzm;;;;;;;;;;;;;;Central Moroccan Berber;true;;;;;;;;;;;
vie;text file;word list;Narrow;15’240;high;IPA;;;;https://github.com/CUNY-CL/wikipron/tree/master/data/scrape;17.07.2021;0;Hà N?i;Vietnamese;true;Latin;WikiPron Data, mined from Wiktionary;;;;;;;;;
;image;full text (the north wind and the sun);;;;IPA;the-principles-of-the-international-phonetic-association-1949.pdf;;;https://www.cambridge.org/core/journals/journal-of-the-international-phonetic-association/article/principles-of-the-international-phonetic-association-1949/ABD87488D9A321AFB8E5E67DF49EF6AF;09.07.2021;1;;Czech;false;;;;;;;;;;;
;image;full text (the north wind and the sun);broad;;;IPA;the-principles-of-the-international-phonetic-association-1949.pdf;;;https://www.cambridge.org/core/journals/journal-of-the-international-phonetic-association/article/principles-of-the-international-phonetic-association-1949/ABD87488D9A321AFB8E5E67DF49EF6AF;09.07.2021;1;Copenhagen;Danish;false;;;;;;;;;;;
;image;full text (the north wind and the sun);;;;IPA;the-principles-of-the-international-phonetic-association-1949.pdf;;;https://www.cambridge.org/core/journals/journal-of-the-international-phonetic-association/article/principles-of-the-international-phonetic-association-1949/ABD87488D9A321AFB8E5E67DF49EF6AF;09.07.2021;1;;Finnish;false;;;;;;;;;;;
;image;full text (the north wind and the sun);;;;IPA;the-principles-of-the-international-phonetic-association-1949.pdf;;;https://www.cambridge.org/core/journals/journal-of-the-international-phonetic-association/article/principles-of-the-international-phonetic-association-1949/ABD87488D9A321AFB8E5E67DF49EF6AF;09.07.2021;1;;Ganda;false;;;;;;;;;;;
vie;text file;word list;Narrow;15’240;high;IPA;;;;https://github.com/CUNY-CL/wikipron/tree/master/data/scrape;17.07.2021;0;Hà N?i;Vietnamese;true;Latin;WikiPron Data, mined from Wiktionary;;;;;;;;;
;image;full text (the north wind and the sun);;;;IPA;the-principles-of-the-international-phonetic-association-1949.pdf;;;https://www.cambridge.org/core/journals/journal-of-the-international-phonetic-association/article/principles-of-the-international-phonetic-association-1949/ABD87488D9A321AFB8E5E67DF49EF6AF;09.07.2021;1;Tifilis;Georgian;false;;;;;;;;;;;
;image;full text (the north wind and the sun);;;;IPA;the-principles-of-the-international-phonetic-association-1949.pdf;;;https://www.cambridge.org/core/journals/journal-of-the-international-phonetic-association/article/principles-of-the-international-phonetic-association-1949/ABD87488D9A321AFB8E5E67DF49EF6AF;09.07.2021;1;Urdu;Hindustani;false;;;;;;;;;;;
;image;full text (the north wind and the sun);;;;IPA;the-principles-of-the-international-phonetic-association-1949.pdf;;;https://www.cambridge.org/core/journals/journal-of-the-international-phonetic-association/article/principles-of-the-international-phonetic-association-1949/ABD87488D9A321AFB8E5E67DF49EF6AF;09.07.2021;1;;Hungarian;false;;;;;;;;;;;
isl;image;full text (the north wind and the sun);narrow;;;IPA;the-principles-of-the-international-phonetic-association-1949.pdf;;;https://www.cambridge.org/core/journals/journal-of-the-international-phonetic-association/article/principles-of-the-international-phonetic-association-1949/ABD87488D9A321AFB8E5E67DF49EF6AF;09.07.2021;1;;Icelandic;false;;;;;;;;;;;
vie;text file;word list;Narrow;15’237;high;IPA;;;;https://github.com/CUNY-CL/wikipron/tree/master/data/scrape;17.07.2021;0;H? Chí Minh City;Vietnamese;true;Latin;WikiPron Data, mined from Wiktionary;;;;;;;;;
vie;text file;word list;Narrow;14’537;high;IPA;;;;https://github.com/CUNY-CL/wikipron/tree/master/data/scrape;17.07.2021;0;H? Chí Minh City;Vietnamese;true;Latin;WikiPron Data, mined from Wiktionary;;;;;;;;;
vie;text file;word list;Narrow;15’239;high;IPA;;;;https://github.com/CUNY-CL/wikipron/tree/master/data/scrape;17.07.2021;0;Hu?;Vietnamese;true;Latin;WikiPron Data, mined from Wiktionary;;;;;;;;;
vie;text file;word list;Narrow;15’236;high;IPA;;;;https://github.com/CUNY-CL/wikipron/tree/master/data/scrape;17.07.2021;0;Hu?;Vietnamese;true;Latin;WikiPron Data, mined from Wiktionary;;;;;;;;;
vie;pdf;full text (the north wind and the sun);unk;117;low;IPA;theNorthWindAndTheSun/vietnamese-hanoi.pdf;theNorthWindAndTheSun/vie_latn_hanoi_orthographic.txt;theNorthWindAndTheSun/vie-hanoi.txt;;;0;;Vietnamese;true;Latin;the transcription was provided by Simon Greenhill, https://github.com/SimonGreenhill/jipa;;;;;;;;;
;image;full text (the north wind and the sun);;;;IPA;the-principles-of-the-international-phonetic-association-1949.pdf;;;https://www.cambridge.org/core/journals/journal-of-the-international-phonetic-association/article/principles-of-the-international-phonetic-association-1949/ABD87488D9A321AFB8E5E67DF49EF6AF;09.07.2021;1;Umuahia, Southern Nigeria;Igbo;false;;;;;;;;;;;
vol;text file;word list;Broad;363;;IPA;;;;https://github.com/CUNY-CL/wikipron/tree/master/data/scrape;17.07.2021;0;;Volapük;false;Latin;;;;;;;;;;
vol;text file;word list;Narrow;565;;IPA;;;;https://github.com/CUNY-CL/wikipron/tree/master/data/scrape;17.07.2021;0;;Volapük;false;Latin;;;;;;;;;;
wau;text file;word list;Broad;152;;IPA;;;;https://github.com/CUNY-CL/wikipron/tree/master/data/scrape;17.07.2021;0;;Waurá;false;Latin;;;;;;;;;;
;image;full text (the north wind and the sun);;;;IPA;the-principles-of-the-international-phonetic-association-1949.pdf;;;https://www.cambridge.org/core/journals/journal-of-the-international-phonetic-association/article/principles-of-the-international-phonetic-association-1949/ABD87488D9A321AFB8E5E67DF49EF6AF;09.07.2021;1;Bokmål;Norwegian;false;;;;;;;;;;;
;image;full text (the north wind and the sun);;;;IPA;the-principles-of-the-international-phonetic-association-1949.pdf;;;https://www.cambridge.org/core/journals/journal-of-the-international-phonetic-association/article/principles-of-the-international-phonetic-association-1949/ABD87488D9A321AFB8E5E67DF49EF6AF;09.07.2021;1;Northern, colloquial;Oriya;false;;;;;;;;;;;
;image;full text (the north wind and the sun);;;;IPA;the-principles-of-the-international-phonetic-association-1949.pdf;;;https://www.cambridge.org/core/journals/journal-of-the-international-phonetic-association/article/principles-of-the-international-phonetic-association-1949/ABD87488D9A321AFB8E5E67DF49EF6AF;09.07.2021;1;Northern;Panjabi;false;;;;;;;;;;;
vma;;;;;;;;;;;;;;Martuthunira;true;;;;;;;;;;;
wba;;;;;;;;;;;;;;Warao;true;;;;;;;;;;;
;image;full text (the north wind and the sun);;;;IPA;the-principles-of-the-international-phonetic-association-1949.pdf;;;https://www.cambridge.org/core/journals/journal-of-the-international-phonetic-association/article/principles-of-the-international-phonetic-association-1949/ABD87488D9A321AFB8E5E67DF49EF6AF;09.07.2021;1;Warsaw colloquial;Polish;false;;;;;;;;;;;
;image;full text (the north wind and the sun);broad;;;IPA;the-principles-of-the-international-phonetic-association-1949.pdf;;;https://www.cambridge.org/core/journals/journal-of-the-international-phonetic-association/article/principles-of-the-international-phonetic-association-1949/ABD87488D9A321AFB8E5E67DF49EF6AF;09.07.2021;1;Lisbon;Portugese;false;;;;;;;;;;;
;image;full text (the north wind and the sun);broad;;;IPA;the-principles-of-the-international-phonetic-association-1949.pdf;;;https://www.cambridge.org/core/journals/journal-of-the-international-phonetic-association/article/principles-of-the-international-phonetic-association-1949/ABD87488D9A321AFB8E5E67DF49EF6AF;09.07.2021;1;Arles;Provençal;false;;;;;;;;;;;
wic;;;;;;;;;;;;;;Wichita;true;;;;;;;;;;;
;image;full text (the north wind and the sun);;;;IPA;the-principles-of-the-international-phonetic-association-1949.pdf;;;https://www.cambridge.org/core/journals/journal-of-the-international-phonetic-association/article/principles-of-the-international-phonetic-association-1949/ABD87488D9A321AFB8E5E67DF49EF6AF;09.07.2021;1;colombo colloquial;Sinhalese;false;;;;;;;;;;;
wyb;;;;;;;;;;;;;;Ngiyambaa;true;;;;;;;;;;;
xsu;;;;;;;;;;;;;;Sanumá;true;;;;;;;;;;;
yad;;;;;;;;;;;;;;Yagua;true;;;;;;;;;;;
;image;full text (the north wind and the sun);;;;IPA;the-principles-of-the-international-phonetic-association-1949.pdf;;;https://www.cambridge.org/core/journals/journal-of-the-international-phonetic-association/article/principles-of-the-international-phonetic-association-1949/ABD87488D9A321AFB8E5E67DF49EF6AF;09.07.2021;1;Berbera;Somali;false;;;;;;;;;;;
;image;full text (the north wind and the sun);;;;IPA;the-principles-of-the-international-phonetic-association-1949.pdf;;;https://www.cambridge.org/core/journals/journal-of-the-international-phonetic-association/article/principles-of-the-international-phonetic-association-1949/ABD87488D9A321AFB8E5E67DF49EF6AF;09.07.2021;1;Southern;Sotho (Sesuto);false;;;;;;;;;;;
;image;full text (the north wind and the sun);;;;IPA;the-principles-of-the-international-phonetic-association-1949.pdf;;;https://www.cambridge.org/core/journals/journal-of-the-international-phonetic-association/article/principles-of-the-international-phonetic-association-1949/ABD87488D9A321AFB8E5E67DF49EF6AF;09.07.2021;1;colloquial;Swedish;false;;;;;;;;;;;
;image;full text (the north wind and the sun);;;;IPA;the-principles-of-the-international-phonetic-association-1949.pdf;;;https://www.cambridge.org/core/journals/journal-of-the-international-phonetic-association/article/principles-of-the-international-phonetic-association-1949/ABD87488D9A321AFB8E5E67DF49EF6AF;09.07.2021;1;Tirunevalli, spoken;Tamil;false;;;;;;;;;;;
yaq;;;;;;;;;;;;;;Yaqui;true;;;;;;;;;;;
;image;full text (the north wind and the sun);;;;IPA;the-principles-of-the-international-phonetic-association-1949.pdf;;;https://www.cambridge.org/core/journals/journal-of-the-international-phonetic-association/article/principles-of-the-international-phonetic-association-1949/ABD87488D9A321AFB8E5E67DF49EF6AF;09.07.2021;1;Rolong dialect of Mafeking;Tswana (Chwana);false;;;;;;;;;;;
;image;full text (the north wind and the sun);;;;IPA;the-principles-of-the-international-phonetic-association-1949.pdf;;;https://www.cambridge.org/core/journals/journal-of-the-international-phonetic-association/article/principles-of-the-international-phonetic-association-1949/ABD87488D9A321AFB8E5E67DF49EF6AF;09.07.2021;1;Gold Coast;Twi (Ashanti);false;;;;;;;;;;;
yor;pdf;full text (the north wind and the sun);unk;;;IPA;the-principles-of-the-international-phonetic-association-1949.pdf;;;https://www.cambridge.org/core/journals/journal-of-the-international-phonetic-association/article/principles-of-the-international-phonetic-association-1949/ABD87488D9A321AFB8E5E67DF49EF6AF;09.07.2021;1;Oyo, Nigeria;Yoruba;true;;;;;;;;;;;
;image;full text (the north wind and the sun);broad;;;IPA;the-principles-of-the-international-phonetic-association-1949.pdf;;;https://www.cambridge.org/core/journals/journal-of-the-international-phonetic-association/article/principles-of-the-international-phonetic-association-1949/ABD87488D9A321AFB8E5E67DF49EF6AF;09.07.2021;1;North;Welsh;false;;;;;;;;;;;
zoc;;;;;;;;;;;;;;Copainalá Zoque;true;;;;;;;;;;;
xho;image;full text (the north wind and the sun);;;;IPA;the-principles-of-the-international-phonetic-association-1949.pdf;;;https://www.cambridge.org/core/journals/journal-of-the-international-phonetic-association/article/principles-of-the-international-phonetic-association-1949/ABD87488D9A321AFB8E5E67DF49EF6AF;09.07.2021;1;;Xhosa;false;;;;;;;;;;;
wiy;text file;word list;Broad;144;;IPA;;;;https://github.com/CUNY-CL/wikipron/tree/master/data/scrape;17.07.2021;0;;Wiyot;false;Latin;;;;;;;;;;
wlm;text file;word list;Broad;144;;IPA;;;;https://github.com/CUNY-CL/wikipron/tree/master/data/scrape;17.07.2021;0;;Middle Welsh;false;Latin;;;;;;;;;;
xho;text file;word list;Narrow;730;;IPA;;;;https://github.com/CUNY-CL/wikipron/tree/master/data/scrape;17.07.2021;0;;Xhosa;false;Latin;;;;;;;;;;
ybi;text file;word list;Broad;112;;IPA;;;;https://github.com/CUNY-CL/wikipron/tree/master/data/scrape;17.07.2021;0;;Yamphu;false;Devanagari;;;;;;;;;;
ycl;text file;word list;Narrow;109;;IPA;;;;https://github.com/CUNY-CL/wikipron/tree/master/data/scrape;17.07.2021;0;;Lolopo;false;Latin;;;;;;;;;;
yid;text file;word list;Broad;251;;IPA;;;;https://github.com/CUNY-CL/wikipron/tree/master/data/scrape;17.07.2021;0;;Yiddish;false;Hebrew;;;;;;;;;;
yid;text file;word list;Narrow;358;;IPA;;;;https://github.com/CUNY-CL/wikipron/tree/master/data/scrape;17.07.2021;0;;Yiddish;false;Hebrew;;;;;;;;;;
yue;text file;word list;Broad;87’378;;IPA;;;;https://github.com/CUNY-CL/wikipron/tree/master/data/scrape;17.07.2021;0;;Yue Chinese;false;Han;;;;;;;;;;
yux;text file;word list;Broad;119;;IPA;;;;https://github.com/CUNY-CL/wikipron/tree/master/data/scrape;19.10.2021;0;;Southern Yukaghir;false;Cyrillic;WikiPron Data, mined from Wiktionary;;;;;;;;;
zha;text file;word list;Broad;1’143;;IPA;;;;https://github.com/CUNY-CL/wikipron/tree/master/data/scrape;17.07.2021;0;;Zhuang;false;Latin;;;;;;;;;;
zom;text file;word list;Broad;140;;IPA;;;;https://github.com/CUNY-CL/wikipron/tree/master/data/scrape;17.07.2021;0;;Zou;false;Latin;;;;;;;;;;
zul;text file;word list;Broad;1’677;high;IPA;;;;https://github.com/CUNY-CL/wikipron/tree/master/data/scrape;17.07.2021;0;;Zulu;true;Latin;WikiPron Data, mined from Wiktionary;;;;;;;;;
zza;text file;word list;Narrow;188;;IPA;;;;https://github.com/CUNY-CL/wikipron/tree/master/data/scrape;17.07.2021;0;;Zaza;false;Latin;;;;;;;;;;
